filename,width,height,class,xmin,ymin,xmax,ymax
100166694.jpg,512,512,wind turbine,157,185,369,347
100217973.jpg,512,512,wind turbine,239,305,302,450
10027277.jpg,512,512,wind turbine,240,166,388,373
100272811.jpg,497,494,wind turbine,125,71,182,294
100272811.jpg,497,494,wind turbine,41,122,74,283
100272811.jpg,497,494,wind turbine,306,158,357,281
100339914.jpg,512,512,wind turbine,68,180,90,317
100339914.jpg,512,512,wind turbine,281,61,369,405
100339914.jpg,512,512,wind turbine,407,190,439,295
100409757.jpg,512,512,wind turbine,198,31,286,468
100423527.jpg,512,512,wind turbine,142,77,195,207
100424869.jpg,512,512,wind turbine,214,99,440,432
100486461.jpg,512,512,wind turbine,199,134,275,442
100497564.jpg,499,488,wind turbine,176,128,232,452
10049821.jpg,484,501,wind turbine,208,34,307,486
10049821.jpg,484,501,wind turbine,280,59,361,486
100534021.jpg,512,512,wind turbine,125,74,210,490
100534021.jpg,512,512,wind turbine,181,47,282,483
100563271.jpg,512,512,wind turbine,93,186,137,412
100563271.jpg,512,512,wind turbine,261,214,314,399
100563271.jpg,512,512,wind turbine,380,266,418,400
10056925.jpg,512,512,wind turbine,272,178,302,307
100806315.jpg,512,512,wind turbine,221,46,272,393
100806315.jpg,512,512,wind turbine,49,283,73,400
100806315.jpg,512,512,wind turbine,442,319,463,397
100859753.jpg,512,512,wind turbine,192,78,294,389
10086175.jpg,468,483,wind turbine,109,63,209,356
10086175.jpg,468,483,wind turbine,232,238,274,346
10086175.jpg,468,483,wind turbine,274,290,298,348
100866162.jpg,512,512,wind turbine,206,34,253,458
1012630.jpg,488,480,wind turbine,152,161,226,371
1012630.jpg,488,480,wind turbine,413,174,469,307
1012630.jpg,488,480,wind turbine,249,189,290,274
1013163.jpg,508,504,wind turbine,227,37,435,391
10184347.jpg,512,512,wind turbine,248,88,304,433
10184347.jpg,512,512,wind turbine,401,201,433,429
10367876.jpg,497,499,wind turbine,103,174,240,391
10367876.jpg,497,499,wind turbine,134,345,161,386
10367876.jpg,497,499,wind turbine,314,345,341,380
10401280.jpg,512,512,wind turbine,182,144,359,433
10401280.jpg,512,512,wind turbine,369,285,407,433
10598347.jpg,505,509,wind turbine,242,97,300,422
10598347.jpg,505,509,wind turbine,396,192,437,417
10628371.jpg,512,512,wind turbine,91,179,137,404
10628371.jpg,512,512,wind turbine,260,212,312,405
10628371.jpg,512,512,wind turbine,378,271,415,405
10725143.jpg,512,512,wind turbine,81,230,218,436
10725143.jpg,512,512,wind turbine,169,87,406,439
10757633.jpg,512,512,wind turbine,51,149,89,276
10757633.jpg,512,512,wind turbine,214,155,247,256
10757633.jpg,512,512,wind turbine,332,171,359,242
10777224.jpg,484,486,wind turbine,271,21,388,435
10777224.jpg,484,486,wind turbine,74,325,92,456
10777224.jpg,484,486,wind turbine,381,308,431,435
10798886.jpg,512,512,wind turbine,141,84,401,457
1081742.jpg,512,512,wind turbine,190,67,266,302
1081742.jpg,512,512,wind turbine,111,129,161,289
1081742.jpg,512,512,wind turbine,58,142,108,291
1081742.jpg,512,512,wind turbine,337,141,374,298
1081742.jpg,512,512,wind turbine,433,164,470,245
10936738.jpg,512,512,wind turbine,113,127,308,412
10936738.jpg,512,512,wind turbine,352,341,374,394
11176472.jpg,512,512,wind turbine,147,77,289,450
1124667.jpg,512,512,wind turbine,185,111,311,439
1131586.jpg,494,488,wind turbine,108,73,374,454
1143684.jpg,512,512,wind turbine,312,90,512,493
11553069.jpg,512,512,wind turbine,209,103,439,426
11638388.jpg,512,512,wind turbine,179,29,407,465
1168744.jpg,512,512,wind turbine,125,70,307,271
1174269.jpg,512,512,wind turbine,74,104,312,429
11866364.jpg,512,512,wind turbine,189,142,241,465
11882839.jpg,512,512,wind turbine,235,49,368,319
11882839.jpg,512,512,wind turbine,145,263,195,351
11882839.jpg,512,512,wind turbine,89,272,116,343
12178313.jpg,512,512,wind turbine,218,84,309,437
1221827.jpg,512,512,wind turbine,128,80,185,205
12218487.jpg,512,512,wind turbine,101,119,458,454
12222180.jpg,512,512,wind turbine,149,145,327,432
12222180.jpg,512,512,wind turbine,106,285,130,428
12237270.jpg,512,512,wind turbine,223,82,324,409
1234854.jpg,512,512,wind turbine,313,80,512,482
12447063.jpg,512,512,wind turbine,219,37,427,398
1248874.jpg,512,512,wind turbine,177,92,346,305
1249440.jpg,512,512,wind turbine,79,106,378,404
1257139.jpg,512,512,wind turbine,146,49,278,325
1257139.jpg,512,512,wind turbine,316,259,368,354
1257139.jpg,512,512,wind turbine,395,275,425,341
12629929.jpg,512,512,wind turbine,156,102,350,495
12629929.jpg,512,512,wind turbine,56,210,106,350
12629929.jpg,512,512,wind turbine,376,197,424,307
12629929.jpg,512,512,wind turbine,179,213,231,349
12643810.jpg,512,512,wind turbine,45,88,158,394
12643810.jpg,512,512,wind turbine,304,44,388,446
12736316.jpg,512,512,wind turbine,129,68,251,330
12809143.jpg,512,512,wind turbine,107,86,346,440
12809143.jpg,512,512,wind turbine,297,235,430,438
1285371.jpg,512,512,wind turbine,228,180,267,290
1285371.jpg,512,512,wind turbine,22,227,51,298
1285371.jpg,512,512,wind turbine,417,180,457,276
1285371.jpg,512,512,wind turbine,289,223,320,284
1285371.jpg,512,512,wind turbine,166,229,194,293
1287344.jpg,512,512,wind turbine,205,68,393,268
12962056.jpg,512,512,wind turbine,97,92,206,352
133487.jpg,512,512,wind turbine,101,121,460,453
135358.jpg,512,512,wind turbine,130,55,250,329
135358.jpg,512,512,wind turbine,19,246,52,326
135358.jpg,512,512,wind turbine,154,240,186,325
1353816.jpg,512,512,wind turbine,131,61,254,335
13548140.jpg,508,499,wind turbine,108,101,419,401
1355374.jpg,512,512,wind turbine,158,81,336,300
13636124.jpg,512,512,wind turbine,284,40,403,443
13636124.jpg,512,512,wind turbine,75,311,94,445
13636124.jpg,512,512,wind turbine,382,324,410,449
13636124.jpg,512,512,wind turbine,445,390,478,452
13686312.jpg,512,512,wind turbine,143,359,253,485
13686312.jpg,512,512,wind turbine,317,355,429,488
1377527.jpg,512,512,wind turbine,128,82,186,217
1418419.jpg,489,499,wind turbine,237,40,443,475
14401429.jpg,512,512,wind turbine,92,207,136,331
14401429.jpg,512,512,wind turbine,146,112,350,497
14401429.jpg,512,512,wind turbine,411,197,460,338
14401429.jpg,512,512,wind turbine,276,211,333,348
1447991.jpg,512,512,wind turbine,313,293,342,403
1451369.jpg,512,512,wind turbine,213,101,442,430
1456614.jpg,512,512,wind turbine,322,79,512,484
14651053.jpg,512,512,wind turbine,218,77,314,396
14664436.jpg,512,512,wind turbine,75,132,391,509
1476684.jpg,512,512,wind turbine,100,62,415,466
14833218.jpg,512,512,wind turbine,119,175,144,312
14833218.jpg,512,512,wind turbine,309,130,336,217
14833218.jpg,512,512,wind turbine,422,137,444,218
14833218.jpg,512,512,wind turbine,241,147,254,244
14833218.jpg,512,512,wind turbine,397,129,408,202
1509827.jpg,512,512,wind turbine,121,89,182,219
15151623.jpg,512,512,wind turbine,59,158,97,277
15151623.jpg,512,512,wind turbine,134,119,173,279
15151623.jpg,512,512,wind turbine,264,155,296,249
15151623.jpg,512,512,wind turbine,385,83,456,246
1520166.jpg,512,512,wind turbine,66,134,116,295
1520166.jpg,512,512,wind turbine,200,167,232,325
1520166.jpg,512,512,wind turbine,282,203,316,302
1520166.jpg,512,512,wind turbine,345,192,389,313
15251279.jpg,512,512,wind turbine,268,85,346,393
15251489.jpg,512,512,wind turbine,225,149,307,297
15298438.jpg,512,512,wind turbine,118,130,318,408
15298438.jpg,512,512,wind turbine,340,338,370,404
1533572.jpg,512,512,wind turbine,143,80,284,447
1551177.jpg,493,481,wind turbine,121,161,264,361
1551177.jpg,493,481,wind turbine,38,312,60,365
1551177.jpg,493,481,wind turbine,453,312,470,344
1558111.jpg,490,500,wind turbine,41,113,82,288
1558111.jpg,490,500,wind turbine,128,64,182,290
1558111.jpg,490,500,wind turbine,312,152,364,269
15583545.jpg,512,512,wind turbine,153,192,215,400
15586082.jpg,484,504,wind turbine,94,130,235,398
15591047.jpg,512,512,wind turbine,204,100,260,422
15591047.jpg,512,512,wind turbine,76,199,113,426
15674135.jpg,512,512,wind turbine,90,47,402,417
15741879.jpg,512,512,wind turbine,168,95,245,406
1587850.jpg,512,512,wind turbine,285,178,335,391
1611754.jpg,512,512,wind turbine,199,64,338,464
1617356.jpg,512,512,wind turbine,301,79,404,345
1624137.jpg,512,512,wind turbine,275,119,382,358
16289429.jpg,512,512,wind turbine,160,111,366,493
16289429.jpg,512,512,wind turbine,54,200,98,343
16289429.jpg,512,512,wind turbine,379,208,424,333
16289429.jpg,512,512,wind turbine,180,212,232,351
16304847.jpg,512,512,wind turbine,83,209,117,434
16304847.jpg,512,512,wind turbine,202,93,259,429
16356280.jpg,512,512,wind turbine,185,146,358,434
16356280.jpg,512,512,wind turbine,381,289,404,438
16497169.jpg,512,512,wind turbine,204,102,439,427
1651330.jpg,494,502,wind turbine,158,183,221,390
1651330.jpg,494,502,wind turbine,395,210,444,322
1651330.jpg,494,502,wind turbine,250,216,284,324
16777759.jpg,479,489,wind turbine,194,133,267,416
16873547.jpg,512,512,wind turbine,252,104,310,434
16873547.jpg,512,512,wind turbine,395,213,430,438
1695586.jpg,489,493,wind turbine,43,136,96,290
1695586.jpg,489,493,wind turbine,175,164,209,324
1695586.jpg,489,493,wind turbine,258,202,293,303
1695586.jpg,489,493,wind turbine,324,190,360,309
17128067.jpg,501,500,wind turbine,181,105,311,437
17147122.jpg,512,512,wind turbine,135,41,248,418
17196218.jpg,512,512,wind turbine,309,128,332,221
17196218.jpg,512,512,wind turbine,116,175,144,314
17196218.jpg,512,512,wind turbine,420,138,445,219
17196218.jpg,512,512,wind turbine,239,146,254,245
17493462.jpg,512,512,wind turbine,258,44,306,461
17516379.jpg,512,512,wind turbine,171,93,241,396
17537155.jpg,512,512,wind turbine,239,50,355,490
17639418.jpg,512,512,wind turbine,297,126,323,215
17639418.jpg,512,512,wind turbine,110,187,140,325
17639418.jpg,512,512,wind turbine,408,120,434,200
17639418.jpg,512,512,wind turbine,232,154,249,243
17639418.jpg,512,512,wind turbine,124,155,145,239
17712421.jpg,512,512,wind turbine,126,72,209,496
17712421.jpg,512,512,wind turbine,179,48,282,500
17733873.jpg,512,512,wind turbine,241,304,305,454
17748450.jpg,512,512,wind turbine,285,178,333,393
17764724.jpg,512,512,wind turbine,284,38,391,426
17764724.jpg,512,512,wind turbine,384,311,432,435
17764724.jpg,512,512,wind turbine,86,320,108,457
17764724.jpg,512,512,wind turbine,449,359,487,433
17849679.jpg,512,512,wind turbine,268,87,342,395
1840187.jpg,504,490,wind turbine,44,104,396,439
18426820.jpg,512,512,wind turbine,274,72,350,500
18426820.jpg,512,512,wind turbine,82,185,131,467
18426820.jpg,512,512,wind turbine,354,77,436,476
18466860.jpg,492,496,wind turbine,230,282,276,422
18476556.jpg,512,512,wind turbine,310,93,409,354
18557150.jpg,512,512,wind turbine,283,175,334,396
1855958.jpg,512,512,wind turbine,236,48,324,512
18569344.jpg,512,512,wind turbine,117,69,304,268
18602688.jpg,512,512,wind turbine,114,33,349,464
18602690.jpg,512,512,wind turbine,340,316,369,396
18787324.jpg,512,512,wind turbine,284,36,387,436
18787324.jpg,512,512,wind turbine,87,327,110,464
18787324.jpg,512,512,wind turbine,385,305,437,413
18787324.jpg,512,512,wind turbine,461,365,487,427
18843294.jpg,512,512,wind turbine,161,190,364,351
19207648.jpg,512,512,wind turbine,259,86,303,435
19312984.jpg,512,512,wind turbine,93,62,412,455
19397053.jpg,512,512,wind turbine,199,80,297,389
1951847.jpg,512,512,wind turbine,121,118,219,364
19672227.jpg,512,512,wind turbine,134,79,186,208
1975114.jpg,512,512,wind turbine,315,93,507,497
20133276.jpg,512,512,wind turbine,110,183,246,391
20133276.jpg,512,512,wind turbine,141,349,173,395
20133276.jpg,512,512,wind turbine,326,347,345,380
20133276.jpg,512,512,wind turbine,274,348,296,385
20135582.jpg,512,512,wind turbine,116,133,260,398
20292870.jpg,512,512,wind turbine,221,83,302,409
20312836.jpg,485,487,wind turbine,101,111,423,482
204069.jpg,512,512,wind turbine,66,103,149,424
204069.jpg,512,512,wind turbine,199,174,281,445
204069.jpg,512,512,wind turbine,364,258,393,448
204069.jpg,512,512,wind turbine,428,354,457,476
20492513.jpg,512,512,wind turbine,208,83,317,426
20634434.jpg,512,512,wind turbine,211,41,391,464
20634434.jpg,512,512,wind turbine,135,90,165,183
20634434.jpg,512,512,wind turbine,357,109,382,168
208422.jpg,512,512,wind turbine,241,65,317,292
208422.jpg,512,512,wind turbine,128,145,176,307
208422.jpg,512,512,wind turbine,37,186,71,260
208422.jpg,512,512,wind turbine,344,101,398,279
208422.jpg,512,512,wind turbine,399,123,449,272
21153521.jpg,512,512,wind turbine,137,66,217,483
21153521.jpg,512,512,wind turbine,191,43,287,470
21319560.jpg,510,510,wind turbine,245,289,284,428
21394544.jpg,512,512,wind turbine,122,72,305,268
21413667.jpg,502,505,wind turbine,177,95,313,426
2146115.jpg,512,512,wind turbine,125,38,227,285
21689861.jpg,509,490,wind turbine,235,127,313,428
21715172.jpg,512,512,wind turbine,138,65,288,454
21723382.jpg,512,512,wind turbine,106,135,247,405
21832863.jpg,512,512,wind turbine,222,39,433,401
21849846.jpg,512,512,wind turbine,241,74,322,443
220313.jpg,512,512,wind turbine,200,76,304,433
22156731.jpg,512,512,wind turbine,22,227,73,347
22156731.jpg,512,512,wind turbine,157,218,214,355
22156731.jpg,512,512,wind turbine,374,226,422,319
22156731.jpg,512,512,wind turbine,175,97,378,512
22341133.jpg,512,512,wind turbine,434,172,473,294
22341133.jpg,512,512,wind turbine,161,162,191,238
22341133.jpg,512,512,wind turbine,273,159,308,265
22354738.jpg,512,512,wind turbine,195,130,396,412
22354738.jpg,512,512,wind turbine,144,344,175,404
22376021.jpg,512,512,wind turbine,139,68,217,482
22376021.jpg,512,512,wind turbine,193,39,285,484
22452051.jpg,512,512,wind turbine,224,71,378,336
22517366.jpg,512,512,wind turbine,273,116,378,472
22675890.jpg,512,512,wind turbine,152,323,180,394
22742860.jpg,468,498,wind turbine,232,274,275,414
22778094.jpg,512,512,wind turbine,150,189,353,345
233104.jpg,512,512,wind turbine,318,86,508,483
23483229.jpg,512,512,wind turbine,162,112,364,504
23483229.jpg,512,512,wind turbine,57,217,102,340
23483229.jpg,512,512,wind turbine,180,221,227,333
23483229.jpg,512,512,wind turbine,381,229,421,310
23623139.jpg,512,512,wind turbine,236,48,368,322
23623139.jpg,512,512,wind turbine,142,261,196,356
23623139.jpg,512,512,wind turbine,85,272,118,347
23772421.jpg,512,512,wind turbine,137,69,215,474
23772421.jpg,512,512,wind turbine,192,44,287,478
23887470.jpg,484,470,wind turbine,208,86,307,402
24339353.jpg,512,512,wind turbine,219,78,316,392
24386218.jpg,512,512,wind turbine,307,128,332,222
24386218.jpg,512,512,wind turbine,117,176,142,312
24386218.jpg,512,512,wind turbine,421,138,443,215
24386218.jpg,512,512,wind turbine,134,137,151,228
24386218.jpg,512,512,wind turbine,240,146,250,243
24394937.jpg,512,512,wind turbine,332,170,409,360
24472078.jpg,512,512,wind turbine,73,91,209,440
24571052.jpg,512,512,wind turbine,141,47,365,455
24679745.jpg,494,503,wind turbine,140,191,207,410
24701861.jpg,466,491,wind turbine,200,137,280,435
24808988.jpg,512,512,wind turbine,104,26,335,470
24834547.jpg,512,512,wind turbine,245,96,303,427
24834547.jpg,512,512,wind turbine,403,193,439,422
24834547.jpg,512,512,wind turbine,60,362,76,441
251447.jpg,512,512,wind turbine,276,118,383,358
25301815.jpg,512,512,wind turbine,249,72,292,399
25301815.jpg,512,512,wind turbine,432,286,459,405
25429138.jpg,512,512,wind turbine,119,130,321,414
25429138.jpg,512,512,wind turbine,341,339,370,403
25634933.jpg,512,512,wind turbine,45,153,83,287
2571823.jpg,512,512,wind turbine,132,122,169,285
2571823.jpg,512,512,wind turbine,61,168,94,281
2571823.jpg,512,512,wind turbine,388,64,455,240
2571823.jpg,512,512,wind turbine,260,146,299,260
25787466.jpg,512,512,wind turbine,256,106,370,461
25851584.jpg,510,502,wind turbine,85,66,404,451
25899730.jpg,512,512,wind turbine,51,169,108,316
25899730.jpg,512,512,wind turbine,282,191,354,392
25899730.jpg,512,512,wind turbine,220,211,259,324
2644954.jpg,498,501,wind turbine,300,67,495,483
26493568.jpg,512,512,wind turbine,233,100,269,444
26508180.jpg,512,512,wind turbine,153,144,325,433
26508180.jpg,512,512,wind turbine,110,291,147,437
2659605.jpg,479,494,wind turbine,99,32,205,295
26692586.jpg,512,512,wind turbine,113,81,380,461
26872753.jpg,512,512,wind turbine,210,81,307,385
26874749.jpg,512,512,wind turbine,306,25,415,458
26874749.jpg,512,512,wind turbine,244,298,286,460
26874749.jpg,512,512,wind turbine,82,331,108,449
26928794.jpg,512,512,wind turbine,150,185,359,345
2714232.jpg,512,512,wind turbine,190,74,355,452
2714232.jpg,512,512,wind turbine,93,155,121,240
2714232.jpg,512,512,wind turbine,214,160,241,232
2714232.jpg,512,512,wind turbine,446,152,484,263
2714232.jpg,512,512,wind turbine,310,166,336,222
27248364.jpg,512,512,wind turbine,276,147,325,473
2726454.jpg,512,495,wind turbine,196,48,337,462
27298021.jpg,512,512,wind turbine,126,75,211,483
27298021.jpg,512,512,wind turbine,181,50,281,482
27386759.jpg,512,512,wind turbine,205,138,281,422
27544449.jpg,512,512,wind turbine,308,23,417,463
27544449.jpg,512,512,wind turbine,242,297,287,460
27544449.jpg,512,512,wind turbine,83,331,106,452
27574848.jpg,512,512,wind turbine,250,85,304,437
27703592.jpg,488,508,wind turbine,21,63,458,492
27758217.jpg,493,504,wind turbine,242,7,492,497
27758217.jpg,493,504,wind turbine,203,232,229,331
27762625.jpg,512,512,wind turbine,261,162,310,306
27822555.jpg,461,477,wind turbine,204,37,340,477
27855017.jpg,512,512,wind turbine,269,2,512,496
27855017.jpg,512,512,wind turbine,206,214,237,306
27988337.jpg,512,512,wind turbine,100,165,180,327
27988557.jpg,512,512,wind turbine,191,34,284,468
28305079.jpg,512,512,wind turbine,269,94,341,400
28433029.jpg,512,512,wind turbine,91,203,133,323
28433029.jpg,512,512,wind turbine,414,207,459,349
28433029.jpg,512,512,wind turbine,152,106,352,497
28433029.jpg,512,512,wind turbine,280,213,331,352
284810.jpg,512,512,wind turbine,125,34,211,446
284810.jpg,512,512,wind turbine,358,89,468,391
28501359.jpg,512,512,wind turbine,210,141,285,429
28617868.jpg,512,512,wind turbine,242,123,283,445
28627453.jpg,512,512,wind turbine,217,79,313,392
28653378.jpg,496,505,wind turbine,78,87,214,422
28659691.jpg,512,512,wind turbine,318,286,351,394
2869401.jpg,512,512,wind turbine,20,218,54,289
2869401.jpg,512,512,wind turbine,223,169,268,288
2869401.jpg,512,512,wind turbine,165,223,192,290
2869401.jpg,512,512,wind turbine,133,240,149,289
2869401.jpg,512,512,wind turbine,413,182,449,279
2869401.jpg,512,512,wind turbine,296,224,320,284
2869401.jpg,512,512,wind turbine,359,237,381,283
2869401.jpg,512,512,wind turbine,398,223,423,278
2869401.jpg,512,512,wind turbine,203,231,226,284
2869401.jpg,512,512,wind turbine,280,244,296,283
28761191.jpg,512,512,wind turbine,160,284,189,392
2880840.jpg,512,512,wind turbine,283,29,421,283
28812615.jpg,496,502,wind turbine,44,278,69,391
28812615.jpg,496,502,wind turbine,221,26,266,392
28812615.jpg,496,502,wind turbine,436,312,465,400
28982876.jpg,512,512,wind turbine,112,183,246,389
28982876.jpg,512,512,wind turbine,134,343,169,388
28982876.jpg,512,512,wind turbine,264,346,290,386
28982876.jpg,512,512,wind turbine,317,350,342,389
2925514.jpg,489,492,wind turbine,139,44,220,387
2925514.jpg,489,492,wind turbine,61,169,96,283
2925514.jpg,489,492,wind turbine,417,198,434,313
29404559.jpg,512,512,wind turbine,209,133,285,419
29421149.jpg,512,512,wind turbine,304,20,413,457
29421149.jpg,512,512,wind turbine,242,294,291,456
29421149.jpg,512,512,wind turbine,84,337,114,458
29588060.jpg,493,511,wind turbine,219,283,265,423
2962985.jpg,501,494,wind turbine,115,26,213,269
29633073.jpg,512,512,wind turbine,250,304,309,445
29684832.jpg,512,512,wind turbine,206,71,367,457
29684832.jpg,512,512,wind turbine,99,141,133,227
29684832.jpg,512,512,wind turbine,217,153,246,229
29684832.jpg,512,512,wind turbine,313,171,341,231
29684832.jpg,512,512,wind turbine,453,168,492,284
29697225.jpg,471,491,wind turbine,181,149,238,297
29846346.jpg,512,512,wind turbine,202,66,260,444
29945587.jpg,512,512,wind turbine,52,118,414,454
2998956.jpg,512,512,wind turbine,304,85,403,346
30142463.jpg,512,512,wind turbine,228,52,449,408
30158727.jpg,496,499,wind turbine,116,85,176,211
30393331.jpg,512,512,wind turbine,21,252,77,369
30393331.jpg,512,512,wind turbine,152,228,209,358
30393331.jpg,512,512,wind turbine,370,216,419,300
30393331.jpg,512,512,wind turbine,160,107,370,496
3052577.jpg,512,512,wind turbine,133,118,236,355
30848639.jpg,512,512,wind turbine,160,60,280,321
30848639.jpg,512,512,wind turbine,316,271,360,356
30907686.jpg,512,512,wind turbine,116,84,383,459
3090783.jpg,512,512,wind turbine,104,55,309,407
3090783.jpg,512,512,wind turbine,260,329,296,397
3090783.jpg,512,512,wind turbine,326,340,354,394
30912010.jpg,501,495,wind turbine,106,20,196,443
30912010.jpg,501,495,wind turbine,353,65,466,366
3097272.jpg,505,507,wind turbine,133,129,172,306
3097272.jpg,505,507,wind turbine,38,165,72,250
3097272.jpg,505,507,wind turbine,245,68,321,300
3097272.jpg,505,507,wind turbine,346,126,405,281
3097272.jpg,505,507,wind turbine,402,137,445,283
3097770.jpg,512,512,wind turbine,296,36,435,300
3117014.jpg,512,512,wind turbine,144,67,230,406
3117014.jpg,512,512,wind turbine,70,202,106,296
3117014.jpg,512,512,wind turbine,419,171,441,305
31371628.jpg,512,512,wind turbine,176,67,302,402
3137286.jpg,512,512,wind turbine,114,83,376,465
31397188.jpg,486,453,wind turbine,173,6,401,437
31426817.jpg,512,512,wind turbine,275,1,496,499
31433341.jpg,512,512,wind turbine,43,56,450,464
3149920.jpg,512,512,wind turbine,70,153,131,457
3149920.jpg,512,512,wind turbine,269,69,354,495
3149920.jpg,512,512,wind turbine,354,81,436,477
31612988.jpg,512,512,wind turbine,165,33,398,437
3175471.jpg,512,512,wind turbine,224,166,265,287
3175471.jpg,512,512,wind turbine,21,211,48,278
3175471.jpg,512,512,wind turbine,165,223,191,290
3175471.jpg,512,512,wind turbine,131,233,150,289
3175471.jpg,512,512,wind turbine,295,227,317,289
3175471.jpg,512,512,wind turbine,412,184,445,283
3175471.jpg,512,512,wind turbine,358,240,378,287
3175471.jpg,512,512,wind turbine,281,248,295,285
3175471.jpg,512,512,wind turbine,204,232,223,286
3175471.jpg,512,512,wind turbine,400,229,423,283
31816048.jpg,512,512,wind turbine,256,82,302,438
32144367.jpg,512,512,wind turbine,200,111,330,430
32161819.jpg,512,512,wind turbine,253,55,452,479
32199971.jpg,512,512,wind turbine,96,270,134,405
32199971.jpg,512,512,wind turbine,202,218,252,407
32199971.jpg,512,512,wind turbine,377,183,419,407
32212693.jpg,512,512,wind turbine,152,95,319,485
32212693.jpg,512,512,wind turbine,363,229,409,340
32212693.jpg,512,512,wind turbine,165,198,198,298
32212693.jpg,512,512,wind turbine,266,213,292,319
32225275.jpg,512,512,wind turbine,136,76,232,354
32225275.jpg,512,512,wind turbine,249,250,294,365
3236370.jpg,512,512,wind turbine,296,32,431,295
32468592.jpg,512,512,wind turbine,42,66,476,484
32566924.jpg,512,512,wind turbine,280,35,381,432
32566924.jpg,512,512,wind turbine,387,303,434,424
32566924.jpg,512,512,wind turbine,455,346,491,420
3269455.jpg,512,512,wind turbine,240,48,355,479
3281503.jpg,512,512,wind turbine,233,140,304,486
3290319.jpg,512,512,wind turbine,66,98,151,429
3290319.jpg,512,512,wind turbine,197,169,277,436
3290319.jpg,512,512,wind turbine,368,251,399,452
3290319.jpg,512,512,wind turbine,434,340,464,467
3291834.jpg,512,512,wind turbine,131,43,317,463
3291834.jpg,512,512,wind turbine,358,99,384,190
3291834.jpg,512,512,wind turbine,137,103,164,161
3293252.jpg,512,512,wind turbine,151,45,373,455
3318150.jpg,512,512,wind turbine,174,177,230,397
3322566.jpg,512,512,wind turbine,129,114,244,465
33255674.jpg,512,512,wind turbine,178,90,344,299
33296570.jpg,512,512,wind turbine,226,86,327,412
3331113.jpg,512,512,wind turbine,201,84,302,426
3339774.jpg,512,512,wind turbine,177,88,349,304
33411257.jpg,512,512,wind turbine,194,33,286,462
33425746.jpg,512,512,wind turbine,248,67,307,431
33702934.jpg,512,512,wind turbine,196,41,382,448
33702934.jpg,512,512,wind turbine,126,95,156,191
33702934.jpg,512,512,wind turbine,349,102,374,161
33793167.jpg,512,512,wind turbine,184,109,312,432
3392414.jpg,501,504,wind turbine,276,55,371,395
3392414.jpg,501,504,wind turbine,66,172,88,300
3392414.jpg,501,504,wind turbine,406,183,442,289
3407488.jpg,512,512,wind turbine,151,38,389,451
34127394.jpg,512,512,wind turbine,151,191,355,345
3412834.jpg,512,512,wind turbine,198,39,384,452
3412834.jpg,512,512,wind turbine,129,95,162,188
3412834.jpg,512,512,wind turbine,351,105,378,164
3413614.jpg,512,512,wind turbine,146,57,235,393
3413614.jpg,512,512,wind turbine,74,186,108,287
3413614.jpg,512,512,wind turbine,425,189,443,314
3414939.jpg,512,512,wind turbine,234,51,369,314
3414939.jpg,512,512,wind turbine,141,262,194,357
3414939.jpg,512,512,wind turbine,83,276,118,346
34271472.jpg,512,512,wind turbine,223,68,375,440
34345836.jpg,512,512,wind turbine,125,135,432,504
34409715.jpg,512,512,wind turbine,219,38,289,388
34409715.jpg,512,512,wind turbine,44,262,71,380
34409715.jpg,512,512,wind turbine,433,334,455,421
34431261.jpg,512,512,wind turbine,230,140,312,438
34514826.jpg,512,512,wind turbine,204,116,277,360
34551543.jpg,512,512,wind turbine,175,99,419,439
34551543.jpg,512,512,wind turbine,82,221,221,414
3459742.jpg,512,512,wind turbine,241,94,418,459
3459742.jpg,512,512,wind turbine,62,334,140,446
3464320.jpg,508,494,wind turbine,69,129,136,421
3464320.jpg,508,494,wind turbine,258,63,347,473
3464320.jpg,508,494,wind turbine,358,80,447,478
34679365.jpg,512,512,wind turbine,96,163,264,511
34756670.jpg,512,512,wind turbine,209,103,331,406
34784674.jpg,507,509,wind turbine,175,74,352,296
348817.jpg,512,512,wind turbine,268,111,389,360
3491746.jpg,512,512,wind turbine,59,147,115,306
3491746.jpg,512,512,wind turbine,192,172,228,325
3491746.jpg,512,512,wind turbine,279,199,315,297
3491746.jpg,512,512,wind turbine,346,188,386,297
34939530.jpg,512,512,wind turbine,160,183,230,381
34939530.jpg,512,512,wind turbine,254,216,294,317
34939530.jpg,512,512,wind turbine,405,201,459,309
34941810.jpg,512,512,wind turbine,124,27,208,443
34941810.jpg,512,512,wind turbine,358,86,469,389
34967164.jpg,512,512,wind turbine,186,146,241,463
35138683.jpg,512,512,wind turbine,86,52,288,408
35138683.jpg,512,512,wind turbine,266,318,306,405
35213033.jpg,512,512,wind turbine,53,145,92,277
35213033.jpg,512,512,wind turbine,215,150,248,255
35213033.jpg,512,512,wind turbine,332,170,362,245
3522254.jpg,512,512,wind turbine,195,65,339,450
35313551.jpg,494,499,wind turbine,121,56,271,306
35413272.jpg,512,512,wind turbine,138,66,286,448
35428036.jpg,492,469,wind turbine,103,108,420,469
355330.jpg,491,474,wind turbine,124,161,199,363
355330.jpg,491,474,wind turbine,219,171,260,285
355330.jpg,491,474,wind turbine,384,115,442,285
35549526.jpg,512,512,wind turbine,239,112,305,359
35566921.jpg,512,512,wind turbine,136,69,215,482
35566921.jpg,512,512,wind turbine,191,39,286,490
3557836.jpg,512,512,wind turbine,126,134,432,512
35734785.jpg,512,512,wind turbine,196,106,482,507
35757157.jpg,512,512,wind turbine,199,32,285,467
35972992.jpg,512,512,wind turbine,41,66,472,484
36323211.jpg,512,512,wind turbine,42,139,85,299
36323211.jpg,512,512,wind turbine,134,93,194,305
36323211.jpg,512,512,wind turbine,312,175,365,286
36331022.jpg,512,512,wind turbine,126,47,247,425
36375417.jpg,512,512,wind turbine,268,7,512,488
36375417.jpg,512,512,wind turbine,207,206,234,315
36453042.jpg,512,512,wind turbine,244,105,412,457
36453042.jpg,512,512,wind turbine,59,324,136,423
36507484.jpg,512,512,wind turbine,95,63,410,455
3656144.jpg,512,512,wind turbine,116,69,301,267
3659929.jpg,512,512,wind turbine,47,223,116,354
3659929.jpg,512,512,wind turbine,374,218,423,293
3659929.jpg,512,512,wind turbine,180,230,228,328
3659929.jpg,512,512,wind turbine,157,104,350,511
36612645.jpg,512,512,wind turbine,149,199,214,418
3661458.jpg,512,512,wind turbine,131,54,246,321
3661458.jpg,512,512,wind turbine,146,241,190,330
3661458.jpg,512,512,wind turbine,20,248,53,332
3672925.jpg,473,492,wind turbine,204,152,250,284
3677895.jpg,512,512,wind turbine,116,44,217,293
36949651.jpg,512,512,wind turbine,215,74,369,315
36992654.jpg,512,512,wind turbine,194,66,340,462
37113491.jpg,512,512,wind turbine,161,292,197,401
37161322.jpg,512,512,wind turbine,262,44,378,417
371726.jpg,512,512,wind turbine,231,111,298,361
3724013.jpg,512,512,wind turbine,196,84,304,426
37261071.jpg,512,512,wind turbine,91,180,136,401
37261071.jpg,512,512,wind turbine,258,215,308,403
37261071.jpg,512,512,wind turbine,375,271,414,408
37278211.jpg,512,512,wind turbine,49,151,79,308
37278211.jpg,512,512,wind turbine,128,94,183,315
37278211.jpg,512,512,wind turbine,307,171,362,285
373556.jpg,512,512,wind turbine,311,94,415,352
37427137.jpg,512,512,wind turbine,331,175,415,368
3745147.jpg,501,492,wind turbine,393,216,429,439
3745147.jpg,501,492,wind turbine,249,94,309,425
37486975.jpg,512,512,wind turbine,129,86,224,364
37486975.jpg,512,512,wind turbine,260,250,292,360
37524852.jpg,512,512,wind turbine,144,39,382,458
37586248.jpg,497,502,wind turbine,250,76,299,438
3759075.jpg,496,508,wind turbine,271,74,370,367
3759075.jpg,496,508,wind turbine,206,253,251,362
3759075.jpg,496,508,wind turbine,192,299,210,362
37628249.jpg,512,512,wind turbine,93,19,206,468
37628249.jpg,512,512,wind turbine,226,297,270,456
37628249.jpg,512,512,wind turbine,408,328,433,444
377973.jpg,512,512,wind turbine,195,301,252,449
3783148.jpg,512,512,wind turbine,255,82,299,449
3787451.jpg,497,498,wind turbine,49,191,80,289
3787451.jpg,497,498,wind turbine,228,163,266,289
3787451.jpg,497,498,wind turbine,450,204,477,270
381872.jpg,512,512,wind turbine,238,64,309,299
381872.jpg,512,512,wind turbine,127,139,175,314
381872.jpg,512,512,wind turbine,38,184,72,272
381872.jpg,512,512,wind turbine,340,97,399,274
381872.jpg,512,512,wind turbine,398,109,447,266
38218433.jpg,504,508,wind turbine,45,144,87,286
38218433.jpg,504,508,wind turbine,209,150,239,252
38218433.jpg,504,508,wind turbine,323,167,355,217
38237442.jpg,512,512,wind turbine,98,106,271,457
38237442.jpg,512,512,wind turbine,381,324,457,429
382756.jpg,512,512,wind turbine,66,132,117,294
382756.jpg,512,512,wind turbine,198,165,231,325
382756.jpg,512,512,wind turbine,284,202,315,301
382756.jpg,512,512,wind turbine,343,190,383,312
38436946.jpg,487,483,wind turbine,182,50,243,424
38636440.jpg,498,496,wind turbine,77,110,402,410
38725473.jpg,470,509,wind turbine,225,303,290,446
38741739.jpg,470,489,wind turbine,118,37,264,321
38741739.jpg,470,489,wind turbine,303,264,364,356
38741739.jpg,470,489,wind turbine,390,275,423,345
38749160.jpg,512,512,wind turbine,247,285,288,424
3877224.jpg,512,512,wind turbine,282,34,385,426
3877224.jpg,512,512,wind turbine,389,311,431,429
38801785.jpg,512,512,wind turbine,216,103,482,502
38882872.jpg,472,503,wind turbine,145,64,282,435
3912435.jpg,512,512,wind turbine,110,50,426,436
39243739.jpg,512,512,wind turbine,149,52,276,317
39243739.jpg,512,512,wind turbine,318,261,371,346
39243739.jpg,512,512,wind turbine,394,270,432,341
39261813.jpg,512,512,wind turbine,208,85,317,427
39331143.jpg,512,512,wind turbine,81,245,218,437
39331143.jpg,512,512,wind turbine,160,76,396,434
3933373.jpg,512,512,wind turbine,257,305,319,446
39373949.jpg,512,512,wind turbine,310,30,415,462
39373949.jpg,512,512,wind turbine,240,299,285,457
39373949.jpg,512,512,wind turbine,73,325,101,441
3938255.jpg,512,512,wind turbine,237,49,355,487
39817062.jpg,512,512,wind turbine,205,46,252,460
39909415.jpg,512,512,wind turbine,221,44,273,391
39909415.jpg,512,512,wind turbine,51,285,77,395
39909415.jpg,512,512,wind turbine,441,320,464,399
39919393.jpg,504,504,wind turbine,144,89,311,503
39919393.jpg,504,504,wind turbine,364,225,403,333
39919393.jpg,504,504,wind turbine,159,199,195,290
39994493.jpg,512,512,wind turbine,148,101,328,505
39994493.jpg,512,512,wind turbine,365,248,404,357
39994493.jpg,512,512,wind turbine,263,216,302,318
401006084.jpg,489,509,wind turbine,88,49,403,446
40102830.jpg,512,512,wind turbine,54,166,108,321
40102830.jpg,512,512,wind turbine,283,191,353,384
40102830.jpg,512,512,wind turbine,221,211,262,321
40167894.jpg,512,512,wind turbine,148,184,353,345
40178362.jpg,512,512,wind turbine,261,38,307,458
40178362.jpg,512,512,wind turbine,195,364,220,459
4029141.jpg,512,512,wind turbine,36,60,443,481
40338943.jpg,512,512,wind turbine,167,89,407,442
40338943.jpg,512,512,wind turbine,84,231,217,429
40356152.jpg,512,512,wind turbine,133,41,368,454
404132.jpg,512,512,wind turbine,236,67,321,297
404132.jpg,512,512,wind turbine,139,127,180,296
404132.jpg,512,512,wind turbine,350,112,407,290
404132.jpg,512,512,wind turbine,403,134,455,292
404132.jpg,512,512,wind turbine,44,159,83,250
40416135.jpg,512,512,wind turbine,86,46,408,423
40462324.jpg,512,512,wind turbine,286,41,396,440
40462324.jpg,512,512,wind turbine,73,317,101,454
4052554.jpg,449,492,wind turbine,160,56,293,451
40627170.jpg,511,501,wind turbine,219,107,316,395
40635015.jpg,496,491,wind turbine,209,39,269,378
40635015.jpg,496,491,wind turbine,28,263,68,380
40745066.jpg,509,509,wind turbine,130,116,242,467
40955551.jpg,512,512,wind turbine,223,71,376,317
41195120.jpg,507,508,wind turbine,71,76,149,471
41195120.jpg,507,508,wind turbine,161,91,242,475
41195120.jpg,507,508,wind turbine,379,161,434,458
412518.jpg,512,512,wind turbine,234,44,323,508
4127523.jpg,485,483,wind turbine,39,149,68,267
4127523.jpg,485,483,wind turbine,109,100,145,268
4127523.jpg,485,483,wind turbine,236,122,272,237
4127523.jpg,485,483,wind turbine,364,30,435,217
41374843.jpg,512,512,wind turbine,163,81,399,439
41374843.jpg,512,512,wind turbine,83,239,217,425
41408069.jpg,512,512,wind turbine,70,103,306,425
41496834.jpg,512,512,wind turbine,205,39,391,470
41496834.jpg,512,512,wind turbine,134,89,165,176
41525757.jpg,512,512,wind turbine,200,34,292,464
4154969.jpg,512,512,wind turbine,216,101,444,434
41646759.jpg,512,512,wind turbine,223,140,304,420
41788438.jpg,512,512,wind turbine,121,130,324,401
41788438.jpg,512,512,wind turbine,338,338,367,405
41876590.jpg,500,503,wind turbine,340,315,366,389
41953558.jpg,512,512,wind turbine,127,60,241,337
41953558.jpg,512,512,wind turbine,23,268,54,351
41953558.jpg,512,512,wind turbine,153,253,185,333
41961412.jpg,512,512,wind turbine,145,365,257,481
41961412.jpg,512,512,wind turbine,328,347,437,473
41996675.jpg,500,491,wind turbine,125,68,226,348
41996675.jpg,500,491,wind turbine,242,242,291,351
41996675.jpg,500,491,wind turbine,291,303,314,354
42231751.jpg,453,504,wind turbine,177,62,336,306
42353652.jpg,481,487,wind turbine,114,14,364,438
42374811.jpg,512,512,wind turbine,151,167,202,279
42374811.jpg,512,512,wind turbine,332,98,386,316
42374811.jpg,512,512,wind turbine,425,158,467,318
4239871.jpg,512,512,wind turbine,230,180,263,294
4239871.jpg,512,512,wind turbine,421,194,447,289
4239871.jpg,512,512,wind turbine,162,216,190,284
4239871.jpg,512,512,wind turbine,23,208,48,272
4240589.jpg,512,512,wind turbine,231,144,307,293
42472623.jpg,512,512,wind turbine,60,148,93,285
42472623.jpg,512,512,wind turbine,131,114,172,277
42472623.jpg,512,512,wind turbine,261,145,296,249
42472623.jpg,512,512,wind turbine,389,60,455,236
4254984.jpg,512,512,wind turbine,93,51,405,452
42563635.jpg,512,512,wind turbine,85,44,405,426
42608259.jpg,512,512,wind turbine,232,138,306,418
42635562.jpg,512,512,wind turbine,258,62,307,468
4268468.jpg,512,512,wind turbine,225,115,271,446
42685238.jpg,512,512,wind turbine,193,129,394,411
42685238.jpg,512,512,wind turbine,146,339,175,403
4272441.jpg,489,498,wind turbine,67,47,476,479
42729733.jpg,512,512,wind turbine,52,142,91,270
42729733.jpg,512,512,wind turbine,215,151,250,255
42729733.jpg,512,512,wind turbine,335,174,364,244
42771025.jpg,512,512,wind turbine,213,174,254,295
42824573.jpg,512,512,wind turbine,199,303,260,443
42826068.jpg,512,512,wind turbine,239,114,282,443
42828569.jpg,491,495,wind turbine,205,82,435,416
42896923.jpg,512,512,wind turbine,57,55,128,226
42896923.jpg,512,512,wind turbine,215,142,251,244
42896923.jpg,512,512,wind turbine,342,121,384,282
42896923.jpg,512,512,wind turbine,419,161,452,288
42912348.jpg,488,484,wind turbine,249,74,298,430
43121218.jpg,512,512,wind turbine,312,130,337,223
43121218.jpg,512,512,wind turbine,423,140,447,223
43121218.jpg,512,512,wind turbine,119,171,148,307
43121218.jpg,512,512,wind turbine,134,131,152,224
43131614.jpg,512,512,wind turbine,278,63,366,396
43131614.jpg,512,512,wind turbine,72,199,88,316
43165828.jpg,512,512,wind turbine,197,63,328,404
43253779.jpg,512,512,wind turbine,172,88,242,397
43265331.jpg,512,512,wind turbine,371,212,416,307
43265331.jpg,512,512,wind turbine,157,110,371,510
43265331.jpg,512,512,wind turbine,154,225,211,359
43265331.jpg,512,512,wind turbine,23,255,73,375
43329826.jpg,512,512,wind turbine,230,115,304,359
434781.jpg,512,512,wind turbine,197,179,275,371
434781.jpg,512,512,wind turbine,140,286,176,371
434781.jpg,512,512,wind turbine,314,288,351,369
43537741.jpg,512,512,wind turbine,66,55,470,477
4357112.jpg,512,512,wind turbine,140,360,247,476
4357112.jpg,512,512,wind turbine,327,357,425,480
43577120.jpg,512,512,wind turbine,362,88,446,478
43577120.jpg,512,512,wind turbine,263,58,344,482
43577120.jpg,512,512,wind turbine,77,158,136,446
4370925.jpg,512,512,wind turbine,210,162,253,298
43722514.jpg,512,512,wind turbine,271,60,368,397
43722514.jpg,512,512,wind turbine,408,187,442,290
43722514.jpg,512,512,wind turbine,67,181,89,312
4375144.jpg,512,512,wind turbine,104,73,299,273
43865781.jpg,512,512,wind turbine,201,180,283,370
43865781.jpg,512,512,wind turbine,307,293,348,372
43865781.jpg,512,512,wind turbine,134,273,173,359
43911312.jpg,512,512,wind turbine,310,362,421,487
43911312.jpg,512,512,wind turbine,129,349,245,477
43989579.jpg,498,494,wind turbine,259,86,344,396
4419417.jpg,512,512,wind turbine,289,108,389,360
4419752.jpg,512,512,wind turbine,146,51,364,448
4448823.jpg,512,512,wind turbine,201,141,282,487
44506878.jpg,512,512,wind turbine,73,91,208,445
44535818.jpg,512,512,wind turbine,302,127,332,219
44535818.jpg,512,512,wind turbine,114,181,141,316
44535818.jpg,512,512,wind turbine,412,127,442,205
44628485.jpg,512,512,wind turbine,34,108,307,478
44739963.jpg,512,512,wind turbine,241,68,461,408
45113352.jpg,512,512,wind turbine,138,44,362,449
45242040.jpg,512,512,wind turbine,119,115,423,404
45273191.jpg,465,506,wind turbine,144,283,177,389
4534164.jpg,512,512,wind turbine,180,145,239,456
45398280.jpg,497,490,wind turbine,144,137,325,422
45398280.jpg,497,490,wind turbine,84,261,118,411
45426078.jpg,512,512,wind turbine,64,95,211,447
45477293.jpg,512,512,wind turbine,149,97,315,503
45477293.jpg,512,512,wind turbine,364,245,407,349
45489774.jpg,493,489,wind turbine,162,78,346,299
4556784.jpg,512,512,wind turbine,93,64,412,448
45658078.jpg,512,512,wind turbine,65,94,211,442
45723792.jpg,512,512,wind turbine,42,70,470,469
45873590.jpg,512,512,wind turbine,332,318,361,397
45874030.jpg,512,512,wind turbine,160,197,227,352
45874030.jpg,512,512,wind turbine,246,216,290,310
45874030.jpg,512,512,wind turbine,404,180,458,306
4613520.jpg,512,512,wind turbine,76,77,157,479
4613520.jpg,512,512,wind turbine,159,70,246,462
4613520.jpg,512,512,wind turbine,376,154,443,458
46148017.jpg,512,512,wind turbine,212,205,232,307
46148017.jpg,512,512,wind turbine,271,1,512,496
46351447.jpg,512,512,wind turbine,247,96,305,426
46351447.jpg,512,512,wind turbine,397,200,435,421
46404540.jpg,502,485,wind turbine,63,102,375,396
46453757.jpg,512,512,wind turbine,223,33,317,459
465658.jpg,512,512,wind turbine,129,56,246,328
465658.jpg,512,512,wind turbine,150,238,192,330
465658.jpg,512,512,wind turbine,22,256,54,329
46584831.jpg,490,485,wind turbine,149,78,364,482
46584831.jpg,490,485,wind turbine,10,220,63,348
46584831.jpg,490,485,wind turbine,146,205,203,344
46584831.jpg,490,485,wind turbine,363,201,409,281
46704590.jpg,499,498,wind turbine,142,329,174,401
46759650.jpg,512,512,wind turbine,193,177,231,393
4690730.jpg,492,508,wind turbine,154,187,224,389
4690730.jpg,492,508,wind turbine,392,188,458,305
4690730.jpg,492,508,wind turbine,246,213,282,304
46912939.jpg,512,512,wind turbine,140,50,275,317
46912939.jpg,512,512,wind turbine,317,259,368,353
46945055.jpg,512,512,wind turbine,153,47,274,483
4699491.jpg,512,512,wind turbine,226,167,268,284
4699491.jpg,512,512,wind turbine,22,198,53,258
4699491.jpg,512,512,wind turbine,165,217,193,282
4699491.jpg,512,512,wind turbine,418,193,448,289
4699491.jpg,512,512,wind turbine,298,232,320,285
4699491.jpg,512,512,wind turbine,205,230,224,282
4699491.jpg,512,512,wind turbine,396,236,423,291
47103883.jpg,512,512,wind turbine,201,54,408,403
47103883.jpg,512,512,wind turbine,215,327,254,387
47444241.jpg,512,512,wind turbine,42,63,446,462
47475975.jpg,512,512,wind turbine,137,79,233,352
47475975.jpg,512,512,wind turbine,247,252,291,358
47476262.jpg,512,512,wind turbine,202,38,253,455
47533662.jpg,512,512,wind turbine,260,47,305,453
47585258.jpg,512,512,wind turbine,122,61,243,331
47625231.jpg,512,512,wind turbine,162,105,371,501
47625231.jpg,512,512,wind turbine,153,223,209,361
47625231.jpg,512,512,wind turbine,19,249,74,370
47625231.jpg,512,512,wind turbine,372,214,417,304
47638517.jpg,495,502,wind turbine,1,1,217,502
47746640.jpg,511,503,wind turbine,122,87,432,381
47924449.jpg,512,512,wind turbine,306,30,417,464
47924449.jpg,512,512,wind turbine,230,299,285,451
47924449.jpg,512,512,wind turbine,65,318,104,438
48126441.jpg,512,512,wind turbine,43,54,451,456
48175972.jpg,512,512,wind turbine,133,62,287,448
48376842.jpg,494,508,wind turbine,227,97,406,444
48376842.jpg,494,508,wind turbine,61,342,115,434
48382589.jpg,512,512,wind turbine,231,145,310,290
48626251.jpg,512,512,wind turbine,218,73,373,305
48657153.jpg,512,512,wind turbine,217,81,313,388
48722.jpg,512,512,wind turbine,131,41,247,409
48868410.jpg,512,512,wind turbine,353,91,465,383
48868410.jpg,512,512,wind turbine,122,24,211,415
48874784.jpg,512,512,wind turbine,106,55,422,438
4892790.jpg,512,512,wind turbine,329,320,360,395
494459.jpg,512,512,wind turbine,205,133,283,414
4958967.jpg,512,512,wind turbine,272,113,383,355
49615633.jpg,512,512,wind turbine,422,142,456,265
49615633.jpg,512,512,wind turbine,264,150,295,249
49615633.jpg,512,512,wind turbine,150,174,179,247
496282.jpg,512,512,wind turbine,110,133,250,391
4973819.jpg,489,503,wind turbine,231,45,442,469
49759477.jpg,512,512,wind turbine,239,177,382,365
49759477.jpg,512,512,wind turbine,435,322,460,376
49759477.jpg,512,512,wind turbine,30,323,48,352
49763661.jpg,512,512,wind turbine,199,134,281,437
4977222.jpg,512,512,wind turbine,194,64,269,296
4977222.jpg,512,512,wind turbine,110,104,166,279
4977222.jpg,512,512,wind turbine,62,130,109,280
4977222.jpg,512,512,wind turbine,337,132,377,293
4977222.jpg,512,512,wind turbine,436,179,472,254
4977814.jpg,497,497,wind turbine,319,73,493,490
49801446.jpg,507,491,wind turbine,255,51,319,428
49895061.jpg,512,512,wind turbine,228,136,310,434
49912741.jpg,512,512,wind turbine,43,58,448,447
499736.jpg,512,512,wind turbine,62,134,119,287
499736.jpg,512,512,wind turbine,197,164,232,304
499736.jpg,512,512,wind turbine,284,210,315,301
499736.jpg,512,512,wind turbine,345,191,381,304
5022788.jpg,512,512,wind turbine,161,32,401,432
50256889.jpg,512,512,wind turbine,203,149,285,291
50312375.jpg,512,512,wind turbine,284,80,380,355
50312375.jpg,512,512,wind turbine,217,249,262,354
50312375.jpg,512,512,wind turbine,199,296,219,354
50493981.jpg,512,512,wind turbine,202,182,281,364
50493981.jpg,512,512,wind turbine,134,272,176,354
50493981.jpg,512,512,wind turbine,311,295,347,360
50631380.jpg,512,512,wind turbine,150,142,321,432
50631380.jpg,512,512,wind turbine,114,296,147,441
50843158.jpg,512,512,wind turbine,136,58,248,325
51113781.jpg,512,512,wind turbine,197,179,279,364
51113781.jpg,512,512,wind turbine,137,282,174,366
51113781.jpg,512,512,wind turbine,307,292,349,364
51553512.jpg,512,512,wind turbine,139,354,244,480
51553512.jpg,512,512,wind turbine,322,358,427,484
5155518.jpg,512,512,wind turbine,191,48,278,475
5162332.jpg,512,512,wind turbine,190,71,357,453
5162332.jpg,512,512,wind turbine,90,150,126,239
5162332.jpg,512,512,wind turbine,307,164,336,221
5162332.jpg,512,512,wind turbine,213,154,243,228
5162332.jpg,512,512,wind turbine,448,153,484,258
51624678.jpg,512,512,wind turbine,68,94,212,441
51824374.jpg,512,512,wind turbine,177,86,347,302
518987.jpg,512,512,wind turbine,108,126,455,444
51926926.jpg,512,512,wind turbine,206,146,281,357
5194030.jpg,498,473,wind turbine,143,175,216,374
5194030.jpg,498,473,wind turbine,242,193,279,295
5194030.jpg,498,473,wind turbine,397,146,454,288
5204980.jpg,493,490,wind turbine,139,139,325,429
52361333.jpg,512,512,wind turbine,48,154,86,286
52361333.jpg,512,512,wind turbine,208,154,241,251
52361333.jpg,512,512,wind turbine,329,167,360,239
525310081.jpg,482,492,wind turbine,192,171,277,372
525310081.jpg,482,492,wind turbine,306,290,341,367
525310081.jpg,482,492,wind turbine,126,288,165,370
52535480.jpg,512,512,wind turbine,158,145,326,432
52535480.jpg,512,512,wind turbine,106,286,137,436
52553263.jpg,512,512,wind turbine,242,66,462,412
5261841.jpg,512,512,wind turbine,70,60,474,442
52669924.jpg,512,512,wind turbine,280,36,392,435
52669924.jpg,512,512,wind turbine,389,309,433,415
52669924.jpg,512,512,wind turbine,454,363,484,431
5290589.jpg,512,512,wind turbine,221,150,306,289
53108781.jpg,512,512,wind turbine,232,180,312,369
53108781.jpg,512,512,wind turbine,163,290,199,364
53108781.jpg,512,512,wind turbine,337,277,373,364
53162090.jpg,512,512,wind turbine,149,320,176,389
53194413.jpg,480,468,wind turbine,181,55,299,409
5321344.jpg,512,512,wind turbine,312,77,512,475
5323143.jpg,512,512,wind turbine,229,141,301,487
5324615.jpg,512,512,wind turbine,123,36,224,271
53489745.jpg,512,512,wind turbine,151,194,217,404
53717652.jpg,512,512,wind turbine,138,46,364,446
5373617.jpg,508,465,wind turbine,281,171,304,284
53873153.jpg,512,512,wind turbine,214,79,315,383
54183433.jpg,512,512,wind turbine,269,154,306,261
54183433.jpg,512,512,wind turbine,429,164,470,271
54323479.jpg,512,512,wind turbine,154,87,245,403
54618475.jpg,495,496,wind turbine,123,72,221,348
54618475.jpg,495,496,wind turbine,246,244,286,351
54699540.jpg,512,512,wind turbine,130,104,431,399
54782211.jpg,512,512,wind turbine,135,92,197,304
54782211.jpg,512,512,wind turbine,50,135,89,293
54782211.jpg,512,512,wind turbine,317,175,368,287
54932071.jpg,512,512,wind turbine,87,178,136,400
54932071.jpg,512,512,wind turbine,260,214,310,392
54932071.jpg,512,512,wind turbine,375,264,415,401
5497045.jpg,512,512,wind turbine,150,196,215,408
55172491.jpg,512,512,wind turbine,319,287,348,390
5517465.jpg,491,495,wind turbine,51,173,228,494
55229038.jpg,502,474,wind turbine,200,106,410,387
55264561.jpg,512,512,wind turbine,200,135,283,422
55268010.jpg,512,512,wind turbine,120,27,208,423
55268010.jpg,512,512,wind turbine,355,94,469,384
5532556.jpg,512,512,wind turbine,309,95,414,353
55439834.jpg,512,512,wind turbine,112,37,300,468
55439834.jpg,512,512,wind turbine,339,90,374,180
55597421.jpg,512,512,wind turbine,222,42,319,470
55597421.jpg,512,512,wind turbine,295,61,373,461
5561917.jpg,512,512,wind turbine,1,1,246,485
556521.jpg,512,512,wind turbine,229,171,262,287
556521.jpg,512,512,wind turbine,23,206,50,265
556521.jpg,512,512,wind turbine,415,192,443,287
556521.jpg,512,512,wind turbine,167,222,190,282
55913163.jpg,512,512,wind turbine,83,33,294,368
5598871.jpg,512,512,wind turbine,93,182,141,402
5598871.jpg,512,512,wind turbine,260,214,311,394
5598871.jpg,512,512,wind turbine,377,268,419,397
5616874.jpg,512,512,wind turbine,178,86,352,296
5618571.jpg,512,512,wind turbine,89,178,140,402
5618571.jpg,512,512,wind turbine,255,214,311,398
5618571.jpg,512,512,wind turbine,378,268,416,404
56303146.jpg,512,512,wind turbine,242,64,325,438
56666448.jpg,512,512,wind turbine,242,84,296,435
5672388.jpg,512,512,wind turbine,182,45,270,491
56898019.jpg,512,512,wind turbine,246,55,463,484
569170.jpg,512,512,wind turbine,226,78,325,408
56932393.jpg,512,512,wind turbine,154,99,326,497
56932393.jpg,512,512,wind turbine,366,243,407,354
56932393.jpg,512,512,wind turbine,44,172,73,250
56932393.jpg,512,512,wind turbine,169,190,204,287
56957959.jpg,512,512,wind turbine,207,137,288,427
571002366.jpg,512,512,wind turbine,131,111,245,470
572464.jpg,512,512,wind turbine,186,143,239,461
5725875.jpg,512,512,wind turbine,286,37,387,279
573824.jpg,512,512,wind turbine,282,37,393,429
573824.jpg,512,512,wind turbine,85,323,104,457
573824.jpg,512,512,wind turbine,384,316,429,422
57424680.jpg,512,512,wind turbine,154,146,333,430
57424680.jpg,512,512,wind turbine,107,283,132,432
5751068.jpg,500,490,wind turbine,236,86,279,425
57593788.jpg,495,491,wind turbine,174,4,407,444
5759831.jpg,512,512,wind turbine,180,96,381,507
5759831.jpg,512,512,wind turbine,24,221,75,346
5759831.jpg,512,512,wind turbine,156,223,214,325
5776128.jpg,512,512,wind turbine,205,65,329,405
57857857.jpg,512,512,wind turbine,223,32,318,462
57881014.jpg,512,512,wind turbine,279,59,368,391
57881014.jpg,512,512,wind turbine,405,193,441,292
579632.jpg,512,512,wind turbine,193,71,358,461
579632.jpg,512,512,wind turbine,93,154,129,239
579632.jpg,512,512,wind turbine,213,156,242,227
579632.jpg,512,512,wind turbine,443,160,492,260
57975991.jpg,483,487,wind turbine,160,279,197,384
58165563.jpg,484,508,wind turbine,53,38,273,401
5817676.jpg,512,512,wind turbine,112,182,251,388
5817676.jpg,512,512,wind turbine,138,342,168,389
5817676.jpg,512,512,wind turbine,322,347,342,383
5817800.jpg,512,512,wind turbine,313,35,454,294
58249666.jpg,512,512,wind turbine,263,106,375,469
58427155.jpg,512,512,wind turbine,232,48,356,486
5843563.jpg,512,512,wind turbine,210,139,278,487
5843563.jpg,512,512,wind turbine,97,238,129,315
58455054.jpg,512,512,wind turbine,177,64,317,465
584810073.jpg,494,484,wind turbine,180,290,252,433
58532826.jpg,502,496,wind turbine,224,106,307,351
58619451.jpg,512,512,wind turbine,234,69,388,316
58807026.jpg,512,512,wind turbine,240,123,311,361
59100437.jpg,512,512,wind turbine,291,111,390,361
59162474.jpg,512,512,wind turbine,185,86,350,304
591644.jpg,512,512,wind turbine,1,83,196,485
591764.jpg,512,512,wind turbine,268,141,323,457
59216642.jpg,512,512,wind turbine,247,100,403,441
59244532.jpg,512,512,wind turbine,195,69,360,455
59244532.jpg,512,512,wind turbine,94,149,125,239
59244532.jpg,512,512,wind turbine,450,159,488,262
59244532.jpg,512,512,wind turbine,216,157,245,233
5930781.jpg,512,512,wind turbine,194,179,273,374
5930781.jpg,512,512,wind turbine,144,287,182,372
5930781.jpg,512,512,wind turbine,315,290,352,365
5931819.jpg,495,498,wind turbine,233,42,463,494
59387948.jpg,512,512,wind turbine,251,83,300,439
59423635.jpg,512,512,wind turbine,86,45,404,418
5949618.jpg,512,512,wind turbine,74,129,94,211
5949618.jpg,512,512,wind turbine,181,126,209,218
5949618.jpg,512,512,wind turbine,370,180,395,314
59513289.jpg,496,480,wind turbine,186,123,274,272
59672623.jpg,512,512,wind turbine,128,126,169,283
59672623.jpg,512,512,wind turbine,383,51,452,227
59672623.jpg,512,512,wind turbine,260,153,303,253
59672623.jpg,512,512,wind turbine,57,179,93,290
59716269.jpg,512,512,wind turbine,66,98,290,431
5972953.jpg,512,512,wind turbine,210,80,307,386
59805794.jpg,512,512,wind turbine,147,179,356,343
59955453.jpg,501,508,wind turbine,202,76,298,389
59998713.jpg,512,512,wind turbine,197,84,309,435
601007822.jpg,512,512,wind turbine,126,45,248,423
601009379.jpg,512,512,wind turbine,156,100,240,404
60102992.jpg,512,512,wind turbine,37,64,471,482
6025716.jpg,512,512,wind turbine,56,150,116,308
6025716.jpg,512,512,wind turbine,193,170,229,322
6025716.jpg,512,512,wind turbine,277,198,318,301
6025716.jpg,512,512,wind turbine,345,177,383,303
6028865.jpg,512,512,wind turbine,124,42,225,285
6033814.jpg,512,512,wind turbine,71,195,106,294
6033814.jpg,512,512,wind turbine,145,64,232,399
6033814.jpg,512,512,wind turbine,160,197,180,258
60515715.jpg,512,512,wind turbine,225,47,282,382
60515715.jpg,512,512,wind turbine,45,268,73,384
60522231.jpg,512,512,wind turbine,22,241,72,365
60522231.jpg,512,512,wind turbine,155,223,212,361
60522231.jpg,512,512,wind turbine,166,100,376,512
60522231.jpg,512,512,wind turbine,370,219,422,310
6052815.jpg,512,512,wind turbine,223,47,268,375
6052815.jpg,512,512,wind turbine,54,293,76,405
6052815.jpg,512,512,wind turbine,438,308,468,391
6071285.jpg,512,512,wind turbine,192,103,482,505
60732440.jpg,512,512,wind turbine,83,111,387,407
60787077.jpg,512,512,wind turbine,241,165,384,364
608317.jpg,512,512,wind turbine,283,111,386,358
6103627.jpg,482,478,wind turbine,330,68,391,202
6124393.jpg,507,507,wind turbine,142,89,309,488
6124393.jpg,507,507,wind turbine,370,238,412,347
61428868.jpg,495,504,wind turbine,220,95,267,443
6145352.jpg,512,512,wind turbine,241,62,318,295
6145352.jpg,512,512,wind turbine,42,178,72,258
6145352.jpg,512,512,wind turbine,130,133,178,306
6145352.jpg,512,512,wind turbine,347,106,404,279
6145352.jpg,512,512,wind turbine,402,125,449,282
6152037.jpg,504,505,wind turbine,330,160,410,349
6156619.jpg,512,512,wind turbine,252,52,452,475
61727971.jpg,512,512,wind turbine,92,256,132,400
61727971.jpg,512,512,wind turbine,198,211,249,401
61727971.jpg,512,512,wind turbine,373,187,419,413
61769650.jpg,512,512,wind turbine,278,178,336,393
61786559.jpg,512,512,wind turbine,211,139,282,423
61789777.jpg,512,512,wind turbine,237,179,376,374
61789777.jpg,512,512,wind turbine,437,325,461,380
61789777.jpg,512,512,wind turbine,27,324,49,352
61897554.jpg,512,512,wind turbine,197,65,334,462
62152943.jpg,512,512,wind turbine,175,96,417,437
62152943.jpg,512,512,wind turbine,86,221,218,412
62177518.jpg,506,509,wind turbine,104,190,134,329
62177518.jpg,506,509,wind turbine,290,119,318,212
62177518.jpg,506,509,wind turbine,406,114,429,196
62221683.jpg,512,512,wind turbine,202,56,395,406
62312062.jpg,512,512,wind turbine,260,50,311,461
62374583.jpg,512,512,wind turbine,122,57,321,405
6237680.jpg,512,512,wind turbine,184,147,363,432
6237680.jpg,512,512,wind turbine,370,288,408,431
62432684.jpg,512,512,wind turbine,96,63,411,448
62478856.jpg,512,512,wind turbine,312,94,413,354
6286817.jpg,512,512,wind turbine,1,1,245,488
62871551.jpg,512,512,wind turbine,221,71,379,313
62909323.jpg,512,512,wind turbine,61,146,91,281
62909323.jpg,512,512,wind turbine,134,110,172,277
62909323.jpg,512,512,wind turbine,262,142,299,251
62909323.jpg,512,512,wind turbine,389,58,459,250
629499.jpg,512,512,wind turbine,66,103,144,412
629499.jpg,512,512,wind turbine,204,179,277,424
629499.jpg,512,512,wind turbine,363,250,393,439
629499.jpg,512,512,wind turbine,430,350,462,474
62995190.jpg,500,504,wind turbine,325,317,353,391
6303022.jpg,512,512,wind turbine,264,43,383,405
6313967.jpg,512,512,wind turbine,183,110,311,427
63168929.jpg,487,484,wind turbine,156,71,349,476
63168929.jpg,487,484,wind turbine,75,159,116,261
63168929.jpg,487,484,wind turbine,273,204,318,310
63168929.jpg,487,484,wind turbine,397,215,440,353
6336816.jpg,512,512,wind turbine,117,60,243,339
6358859.jpg,512,512,wind turbine,206,138,284,425
63751642.jpg,512,512,wind turbine,238,91,418,450
63751642.jpg,512,512,wind turbine,73,337,143,445
63806490.jpg,512,512,wind turbine,330,322,359,395
6386861.jpg,512,512,wind turbine,199,137,279,437
63893135.jpg,491,490,wind turbine,77,35,398,416
63946366.jpg,512,512,wind turbine,278,119,390,471
63956093.jpg,512,512,wind turbine,151,100,328,477
63956093.jpg,512,512,wind turbine,366,246,406,360
63956093.jpg,512,512,wind turbine,168,193,203,287
63956093.jpg,512,512,wind turbine,269,215,301,321
63991929.jpg,512,512,wind turbine,150,99,349,484
63991929.jpg,512,512,wind turbine,58,220,103,360
63991929.jpg,512,512,wind turbine,379,190,421,304
63991929.jpg,512,512,wind turbine,177,215,230,354
641001870.jpg,512,512,wind turbine,208,80,328,409
64154552.jpg,512,512,wind turbine,149,46,374,443
64175185.jpg,512,512,wind turbine,30,108,312,479
6449869.jpg,512,512,wind turbine,212,103,443,426
64569766.jpg,512,512,wind turbine,258,107,369,460
646128.jpg,512,512,wind turbine,184,67,312,410
64655610.jpg,512,512,wind turbine,124,28,208,442
64655610.jpg,512,512,wind turbine,355,87,468,387
64816424.jpg,508,499,wind turbine,302,24,415,433
64816424.jpg,508,499,wind turbine,398,318,438,418
6489378.jpg,512,512,wind turbine,72,90,210,431
64897465.jpg,512,512,wind turbine,93,165,264,502
64899640.jpg,512,512,wind turbine,82,111,389,394
64985737.jpg,512,512,wind turbine,103,171,178,339
6499589.jpg,465,500,wind turbine,42,90,123,423
6499589.jpg,465,500,wind turbine,177,158,264,423
6499589.jpg,465,500,wind turbine,344,242,377,427
6499589.jpg,465,500,wind turbine,416,323,444,439
65233260.jpg,512,512,wind turbine,236,288,284,426
6527791.jpg,512,512,wind turbine,164,284,191,391
65343.jpg,512,512,wind turbine,203,146,284,484
6590430.jpg,512,512,wind turbine,282,191,351,389
6590430.jpg,512,512,wind turbine,57,170,105,301
6590430.jpg,512,512,wind turbine,220,211,259,309
65967227.jpg,512,512,wind turbine,122,82,185,206
6597689.jpg,512,512,wind turbine,66,73,151,407
6597689.jpg,512,512,wind turbine,202,174,288,440
6597689.jpg,512,512,wind turbine,354,265,393,461
6597689.jpg,512,512,wind turbine,414,366,451,491
66159423.jpg,512,512,wind turbine,61,171,95,281
66159423.jpg,512,512,wind turbine,133,117,170,281
66159423.jpg,512,512,wind turbine,262,144,297,252
66159423.jpg,512,512,wind turbine,389,60,458,247
661706.jpg,512,512,wind turbine,59,141,118,299
661706.jpg,512,512,wind turbine,193,168,230,317
661706.jpg,512,512,wind turbine,278,199,318,302
661706.jpg,512,512,wind turbine,346,184,387,306
66316335.jpg,512,512,wind turbine,89,48,404,424
66357565.jpg,512,512,wind turbine,100,167,273,504
6639432.jpg,496,465,wind turbine,19,143,58,234
6639432.jpg,496,465,wind turbine,125,99,171,271
6639432.jpg,496,465,wind turbine,238,31,319,258
6639432.jpg,496,465,wind turbine,348,61,404,240
6639432.jpg,496,465,wind turbine,402,79,451,235
66435650.jpg,512,512,wind turbine,283,178,329,402
6646678.jpg,512,512,wind turbine,303,91,437,431
6667688.jpg,512,512,wind turbine,185,28,409,460
66687043.jpg,512,512,wind turbine,82,237,219,435
66687043.jpg,512,512,wind turbine,163,83,401,432
66787837.jpg,493,509,wind turbine,90,177,173,344
67109127.jpg,512,512,wind turbine,135,72,187,211
673312.jpg,512,512,wind turbine,37,173,76,254
673312.jpg,512,512,wind turbine,132,131,179,300
673312.jpg,512,512,wind turbine,242,62,316,297
673312.jpg,512,512,wind turbine,348,106,404,283
673312.jpg,512,512,wind turbine,402,124,451,279
673312.jpg,512,512,wind turbine,224,213,240,290
6734762.jpg,512,512,wind turbine,206,46,250,463
6737291.jpg,512,512,wind turbine,166,291,197,396
67545489.jpg,512,512,wind turbine,233,146,314,298
67552167.jpg,512,512,wind turbine,182,108,314,435
6758550.jpg,512,512,wind turbine,284,176,333,393
67622535.jpg,512,512,wind turbine,87,48,402,421
67622982.jpg,512,512,wind turbine,113,135,250,397
67626836.jpg,487,503,wind turbine,107,117,422,497
6764501.jpg,512,512,wind turbine,227,164,268,288
6764501.jpg,512,512,wind turbine,25,214,49,268
6764501.jpg,512,512,wind turbine,414,189,444,285
6764501.jpg,512,512,wind turbine,168,221,191,288
6764501.jpg,512,512,wind turbine,132,235,148,284
6764501.jpg,512,512,wind turbine,297,228,315,287
6764501.jpg,512,512,wind turbine,360,239,375,284
67743254.jpg,512,512,wind turbine,196,70,330,457
67748212.jpg,512,512,wind turbine,150,359,247,482
67748212.jpg,512,512,wind turbine,326,351,433,483
677628.jpg,512,512,wind turbine,186,64,312,407
67773856.jpg,512,512,wind turbine,309,92,415,357
67873916.jpg,512,512,wind turbine,142,61,264,334
6837813.jpg,512,512,wind turbine,205,81,312,425
68632334.jpg,512,512,wind turbine,217,36,401,473
68632334.jpg,512,512,wind turbine,143,86,170,180
68632334.jpg,512,512,wind turbine,364,115,390,174
6864321.jpg,512,512,wind turbine,137,58,222,480
6864321.jpg,512,512,wind turbine,189,41,291,447
687011.jpg,512,512,wind turbine,50,148,84,305
687011.jpg,512,512,wind turbine,135,93,187,304
687011.jpg,512,512,wind turbine,314,170,365,294
68771231.jpg,512,512,wind turbine,168,101,375,483
68771231.jpg,512,512,wind turbine,24,240,72,359
68771231.jpg,512,512,wind turbine,153,222,214,358
68771231.jpg,512,512,wind turbine,370,218,423,312
6916116.jpg,489,494,wind turbine,245,54,370,328
69457334.jpg,512,512,wind turbine,188,45,377,465
69457334.jpg,512,512,wind turbine,122,99,153,192
69457334.jpg,512,512,wind turbine,342,100,371,156
69516718.jpg,497,491,wind turbine,282,103,309,192
69516718.jpg,497,491,wind turbine,94,168,122,309
69516718.jpg,497,491,wind turbine,398,97,424,180
6959950.jpg,506,506,wind turbine,275,22,413,270
69687332.jpg,512,512,wind turbine,192,75,352,451
69687332.jpg,512,512,wind turbine,91,155,120,239
69687332.jpg,512,512,wind turbine,310,168,331,224
69687332.jpg,512,512,wind turbine,211,156,239,233
69687332.jpg,512,512,wind turbine,446,152,484,253
69712320.jpg,505,488,wind turbine,69,108,138,415
69712320.jpg,505,488,wind turbine,271,48,355,455
69712320.jpg,505,488,wind turbine,367,69,450,464
701830.jpg,512,512,wind turbine,298,33,433,294
70215868.jpg,512,512,wind turbine,229,121,272,438
70534944.jpg,512,512,wind turbine,125,73,303,266
70564021.jpg,512,512,wind turbine,130,75,214,466
70564021.jpg,512,512,wind turbine,183,46,282,456
70708657.jpg,512,512,wind turbine,193,34,283,458
70737742.jpg,512,512,wind turbine,58,328,132,428
70737742.jpg,512,512,wind turbine,240,101,416,459
70988737.jpg,469,475,wind turbine,75,146,154,309
7111654.jpg,512,512,wind turbine,194,68,330,463
7135762.jpg,512,512,wind turbine,204,46,253,459
7151926.jpg,512,512,wind turbine,236,114,315,349
7165783.jpg,512,512,wind turbine,110,56,312,406
7166945.jpg,512,512,wind turbine,148,199,214,408
71822025.jpg,512,512,wind turbine,199,156,256,298
71849822.jpg,512,512,wind turbine,265,40,379,405
7196164.jpg,512,512,wind turbine,185,144,239,463
71981428.jpg,512,512,wind turbine,200,64,328,409
720384.jpg,512,512,wind turbine,322,82,488,486
7211933.jpg,512,512,wind turbine,47,157,86,278
7211933.jpg,512,512,wind turbine,209,155,245,251
7215443.jpg,512,512,wind turbine,78,227,216,428
7215443.jpg,512,512,wind turbine,165,88,409,436
7217970.jpg,512,512,wind turbine,296,35,435,291
7224154.jpg,500,500,wind turbine,318,75,482,476
7235139.jpg,512,512,wind turbine,232,182,306,429
7235139.jpg,512,512,wind turbine,363,83,447,401
7235139.jpg,512,512,wind turbine,120,267,152,455
7235139.jpg,512,512,wind turbine,56,359,90,485
72376382.jpg,512,512,wind turbine,262,133,400,394
72408372.jpg,512,512,wind turbine,140,86,284,456
725880.jpg,512,512,wind turbine,308,36,444,291
7260448.jpg,512,512,wind turbine,210,80,260,440
7263193.jpg,512,512,wind turbine,210,141,285,479
72641385.jpg,512,512,wind turbine,32,104,314,479
7287114.jpg,510,508,wind turbine,280,66,367,408
7287114.jpg,510,508,wind turbine,73,164,92,297
7287114.jpg,510,508,wind turbine,405,200,443,307
7294649.jpg,512,512,wind turbine,308,32,422,464
7294649.jpg,512,512,wind turbine,239,299,285,456
72964216.jpg,512,512,wind turbine,122,65,239,332
72993713.jpg,512,512,wind turbine,200,84,301,428
73123019.jpg,512,512,wind turbine,55,52,262,479
73295089.jpg,512,512,wind turbine,228,149,310,294
73306242.jpg,512,512,wind turbine,239,94,419,461
73306242.jpg,512,512,wind turbine,61,332,137,439
73313077.jpg,512,512,wind turbine,127,164,272,365
73313077.jpg,512,512,wind turbine,36,293,63,347
73329331.jpg,512,512,wind turbine,164,102,375,486
73329331.jpg,512,512,wind turbine,22,243,75,362
73329331.jpg,512,512,wind turbine,152,223,212,362
73329331.jpg,512,512,wind turbine,370,218,422,314
73333571.jpg,452,472,wind turbine,54,136,106,367
73333571.jpg,452,472,wind turbine,227,180,277,375
73333571.jpg,452,472,wind turbine,339,243,380,384
7345428.jpg,512,512,wind turbine,175,65,301,409
73531667.jpg,512,512,wind turbine,199,109,328,425
7365477.jpg,512,512,wind turbine,242,170,383,370
736710022.jpg,512,512,wind turbine,127,47,248,409
73794582.jpg,512,512,wind turbine,109,133,251,398
73822726.jpg,512,512,wind turbine,231,115,306,356
73857123.jpg,512,512,wind turbine,62,152,91,285
73857123.jpg,512,512,wind turbine,133,118,175,280
73857123.jpg,512,512,wind turbine,263,143,298,247
73857123.jpg,512,512,wind turbine,389,62,459,238
73904258.jpg,512,512,wind turbine,129,56,247,331
73904258.jpg,512,512,wind turbine,155,238,192,324
73904258.jpg,512,512,wind turbine,21,252,51,336
739276.jpg,512,512,wind turbine,128,196,168,319
739276.jpg,512,512,wind turbine,193,201,229,308
739276.jpg,512,512,wind turbine,279,172,312,321
739276.jpg,512,512,wind turbine,392,121,447,279
7395528.jpg,496,502,wind turbine,170,62,317,412
7407358.jpg,512,512,wind turbine,268,56,385,333
7407358.jpg,512,512,wind turbine,325,250,357,339
7407358.jpg,512,512,wind turbine,458,264,485,346
7414102.jpg,512,512,wind turbine,242,63,317,296
7414102.jpg,512,512,wind turbine,132,130,177,302
7414102.jpg,512,512,wind turbine,35,172,79,258
7414102.jpg,512,512,wind turbine,347,105,401,282
7414102.jpg,512,512,wind turbine,398,127,453,282
74143246.jpg,502,494,wind turbine,249,62,310,440
7415286.jpg,512,512,wind turbine,115,83,382,458
744750.jpg,512,512,wind turbine,279,178,333,402
74675657.jpg,512,512,wind turbine,201,35,291,454
74764442.jpg,487,507,wind turbine,238,96,419,457
74764442.jpg,487,507,wind turbine,44,318,128,427
74889691.jpg,512,512,wind turbine,168,289,195,398
75117382.jpg,512,512,wind turbine,118,133,257,397
75378082.jpg,512,512,wind turbine,113,132,255,393
75415085.jpg,512,512,wind turbine,212,102,481,479
75447612.jpg,512,512,wind turbine,138,355,240,474
75447612.jpg,512,512,wind turbine,315,359,426,479
75491284.jpg,512,512,wind turbine,97,58,409,428
7559175.jpg,492,495,wind turbine,122,69,223,352
7559175.jpg,492,495,wind turbine,237,246,283,354
75623428.jpg,512,512,wind turbine,198,61,328,394
75637019.jpg,512,512,wind turbine,254,55,454,485
7570439.jpg,512,512,wind turbine,65,94,149,421
7570439.jpg,512,512,wind turbine,197,171,278,426
7570439.jpg,512,512,wind turbine,365,250,399,444
7570439.jpg,512,512,wind turbine,434,343,465,462
75739181.jpg,490,473,wind turbine,192,155,273,347
75739181.jpg,490,473,wind turbine,124,250,167,339
75739181.jpg,490,473,wind turbine,312,268,353,350
7585434.jpg,512,512,wind turbine,200,39,385,463
7585434.jpg,512,512,wind turbine,128,93,155,189
7585434.jpg,512,512,wind turbine,352,109,376,159
761005194.jpg,512,512,wind turbine,152,191,356,344
76286868.jpg,512,512,wind turbine,239,121,288,442
7643141.jpg,512,512,wind turbine,44,57,449,479
76475783.jpg,512,512,wind turbine,115,54,319,398
76637349.jpg,512,512,wind turbine,81,330,108,451
76637349.jpg,512,512,wind turbine,243,295,286,458
76637349.jpg,512,512,wind turbine,302,23,413,457
76658112.jpg,512,512,wind turbine,139,357,246,479
76658112.jpg,512,512,wind turbine,312,357,424,480
76723271.jpg,512,512,wind turbine,93,267,134,403
76723271.jpg,512,512,wind turbine,197,212,255,396
76723271.jpg,512,512,wind turbine,374,182,422,411
7688338.jpg,507,508,wind turbine,175,49,273,487
76925311.jpg,499,496,wind turbine,35,136,76,299
76925311.jpg,499,496,wind turbine,134,86,189,301
76925311.jpg,499,496,wind turbine,313,162,365,272
7724164.jpg,512,512,wind turbine,182,138,240,461
77255749.jpg,512,512,wind turbine,85,339,120,463
77255749.jpg,512,512,wind turbine,243,296,294,456
77255749.jpg,512,512,wind turbine,302,15,417,454
77275992.jpg,469,487,wind turbine,13,53,452,461
77373132.jpg,512,512,wind turbine,191,68,360,449
77373132.jpg,512,512,wind turbine,93,150,125,241
77373132.jpg,512,512,wind turbine,211,158,241,230
77373132.jpg,512,512,wind turbine,451,154,486,259
77373445.jpg,489,497,wind turbine,145,189,213,403
7747738.jpg,512,512,wind turbine,187,46,277,477
77506493.jpg,512,512,wind turbine,149,97,315,478
77506493.jpg,512,512,wind turbine,368,237,410,351
77506493.jpg,512,512,wind turbine,43,183,70,259
77506493.jpg,512,512,wind turbine,167,191,201,293
77506493.jpg,512,512,wind turbine,264,211,299,319
77516428.jpg,512,512,wind turbine,180,72,301,407
77522548.jpg,512,512,wind turbine,211,85,255,436
7764848.jpg,512,512,wind turbine,245,82,297,433
77673529.jpg,512,512,wind turbine,168,98,363,473
77673529.jpg,512,512,wind turbine,90,184,131,286
77673529.jpg,512,512,wind turbine,287,227,331,348
77673529.jpg,512,512,wind turbine,400,225,456,363
77722785.jpg,512,512,wind turbine,32,99,297,487
7778549.jpg,512,512,wind turbine,369,109,450,409
7778549.jpg,512,512,wind turbine,233,179,306,427
7778549.jpg,512,512,wind turbine,117,265,151,454
7778976.jpg,512,512,wind turbine,116,179,254,377
77916315.jpg,512,512,wind turbine,227,58,273,377
7792931.jpg,512,512,wind turbine,179,97,382,497
7792931.jpg,512,512,wind turbine,24,223,74,343
7792931.jpg,512,512,wind turbine,155,218,216,329
7792931.jpg,512,512,wind turbine,374,228,424,306
7795229.jpg,512,512,wind turbine,157,101,352,481
7795229.jpg,512,512,wind turbine,54,216,105,354
7795229.jpg,512,512,wind turbine,180,225,226,350
7795229.jpg,512,512,wind turbine,376,199,424,302
77978518.jpg,512,512,wind turbine,292,121,319,221
77978518.jpg,512,512,wind turbine,406,118,426,197
77978518.jpg,512,512,wind turbine,107,191,138,333
781001466.jpg,512,512,wind turbine,132,115,244,464
78161372.jpg,512,512,wind turbine,139,59,286,443
78186220.jpg,512,512,wind turbine,60,92,152,475
78186220.jpg,512,512,wind turbine,169,74,248,486
78186220.jpg,512,512,wind turbine,375,142,436,433
78198022.jpg,512,512,wind turbine,129,42,249,414
7829687.jpg,512,512,wind turbine,128,116,233,358
7829744.jpg,512,512,wind turbine,222,72,356,261
78554993.jpg,482,505,wind turbine,138,97,307,479
78554993.jpg,482,505,wind turbine,357,247,403,354
78554993.jpg,482,505,wind turbine,153,197,190,295
7871629.jpg,512,512,wind turbine,65,94,141,408
7871629.jpg,512,512,wind turbine,200,181,280,436
7871629.jpg,512,512,wind turbine,350,269,394,461
7871629.jpg,512,512,wind turbine,424,357,454,485
78778420.jpg,512,512,wind turbine,66,157,133,447
78778420.jpg,512,512,wind turbine,266,70,357,458
78778420.jpg,512,512,wind turbine,353,84,435,459
7891955.jpg,512,512,wind turbine,227,48,351,484
79101056.jpg,512,512,wind turbine,91,96,198,352
79261244.jpg,512,512,wind turbine,207,69,390,257
79421068.jpg,512,512,wind turbine,236,122,283,440
79423710.jpg,512,512,wind turbine,122,31,207,436
79423710.jpg,512,512,wind turbine,358,91,468,387
79592587.jpg,508,490,wind turbine,45,97,421,435
7961206.jpg,512,512,wind turbine,67,124,116,287
7961206.jpg,512,512,wind turbine,202,166,232,312
7961206.jpg,512,512,wind turbine,281,209,315,305
7961206.jpg,512,512,wind turbine,343,192,383,314
7975270.jpg,512,512,wind turbine,278,22,418,281
79943387.jpg,512,512,wind turbine,95,109,463,450
7999511.jpg,512,512,wind turbine,125,102,180,312
7999511.jpg,512,512,wind turbine,42,170,86,319
7999511.jpg,512,512,wind turbine,307,164,357,276
80122316.jpg,512,512,wind turbine,241,58,370,326
80191646.jpg,512,512,wind turbine,203,67,262,437
80387683.jpg,512,512,wind turbine,119,58,320,406
80664982.jpg,504,499,wind turbine,108,129,244,395
80691932.jpg,512,512,wind turbine,205,67,368,462
80691932.jpg,512,512,wind turbine,98,143,131,232
80691932.jpg,512,512,wind turbine,217,154,245,234
80691932.jpg,512,512,wind turbine,447,165,489,270
80879465.jpg,512,512,wind turbine,99,166,266,506
80914064.jpg,489,491,wind turbine,158,119,230,447
81009369.jpg,510,486,wind turbine,196,80,444,422
8113542.jpg,512,512,wind turbine,95,94,275,454
8113542.jpg,512,512,wind turbine,377,334,444,436
81147227.jpg,512,512,wind turbine,328,80,382,215
81173663.jpg,512,512,wind turbine,237,61,455,402
8124593.jpg,512,512,wind turbine,232,140,309,494
8125646.jpg,489,498,wind turbine,191,54,249,439
8127051.jpg,512,512,wind turbine,144,72,296,307
8137038.jpg,495,504,wind turbine,105,126,312,404
81379960.jpg,512,512,wind turbine,242,288,282,422
8148338.jpg,512,512,wind turbine,229,46,322,465
81492017.jpg,512,512,wind turbine,1,1,245,481
81517592.jpg,512,512,wind turbine,37,70,472,468
8160544.jpg,512,512,wind turbine,115,71,304,272
8160887.jpg,512,512,wind turbine,107,126,453,451
81728057.jpg,512,512,wind turbine,196,32,287,459
81733478.jpg,512,512,wind turbine,72,87,209,441
8210790.jpg,512,512,wind turbine,331,326,357,401
82258619.jpg,512,512,wind turbine,252,52,456,476
822710088.jpg,512,512,wind turbine,127,38,368,435
82284057.jpg,512,512,wind turbine,222,33,315,467
8235391.jpg,512,512,wind turbine,167,291,197,394
8236870.jpg,506,499,wind turbine,213,78,320,408
824223.jpg,512,512,wind turbine,207,141,286,479
82442594.jpg,512,512,wind turbine,157,189,362,343
824661.jpg,512,512,wind turbine,248,165,285,287
824661.jpg,512,512,wind turbine,68,190,98,287
824661.jpg,512,512,wind turbine,318,223,347,287
824661.jpg,512,512,wind turbine,90,232,111,284
824661.jpg,512,512,wind turbine,459,212,487,268
824661.jpg,512,512,wind turbine,197,227,216,286
82734861.jpg,512,512,wind turbine,236,137,314,440
82794272.jpg,512,512,wind turbine,140,59,290,454
8320307.jpg,502,476,wind turbine,288,94,397,329
83222281.jpg,512,512,wind turbine,233,180,314,369
83222281.jpg,512,512,wind turbine,163,292,200,367
83222281.jpg,512,512,wind turbine,337,280,375,368
832939.jpg,512,512,wind turbine,235,50,369,310
832939.jpg,512,512,wind turbine,144,261,194,360
832939.jpg,512,512,wind turbine,88,273,114,346
83318910.jpg,512,512,wind turbine,123,22,212,418
83318910.jpg,512,512,wind turbine,354,94,465,396
8334609.jpg,512,512,wind turbine,64,82,150,414
8334609.jpg,512,512,wind turbine,200,172,282,424
8334609.jpg,512,512,wind turbine,362,257,393,453
8334609.jpg,512,512,wind turbine,428,349,458,476
8343421.jpg,512,512,wind turbine,228,174,265,284
8343421.jpg,512,512,wind turbine,168,223,190,286
8343421.jpg,512,512,wind turbine,416,195,444,289
83581465.jpg,512,512,wind turbine,245,165,417,489
83633239.jpg,509,505,wind turbine,237,45,377,312
83633239.jpg,509,505,wind turbine,143,253,194,340
83759755.jpg,512,512,wind turbine,228,50,350,481
83945576.jpg,512,512,wind turbine,112,181,250,386
83945576.jpg,512,512,wind turbine,136,337,162,383
83958418.jpg,512,512,wind turbine,191,122,217,210
83958418.jpg,512,512,wind turbine,375,192,401,320
83958418.jpg,512,512,wind turbine,82,118,104,198
83989133.jpg,512,512,wind turbine,51,150,90,271
83989133.jpg,512,512,wind turbine,213,151,246,255
83989133.jpg,512,512,wind turbine,331,168,361,246
840782.jpg,512,512,wind turbine,246,65,324,296
840782.jpg,512,512,wind turbine,138,127,179,293
840782.jpg,512,512,wind turbine,43,157,83,241
840782.jpg,512,512,wind turbine,350,116,405,291
840782.jpg,512,512,wind turbine,404,137,457,291
84193084.jpg,512,512,wind turbine,90,63,411,435
844225.jpg,512,512,wind turbine,124,44,222,283
8442265.jpg,512,512,wind turbine,99,164,273,481
84514320.jpg,512,512,wind turbine,75,144,136,448
84514320.jpg,512,512,wind turbine,265,71,347,448
84514320.jpg,512,512,wind turbine,357,89,448,470
84522173.jpg,512,512,wind turbine,236,305,303,451
84792425.jpg,512,512,wind turbine,208,151,256,296
8525536.jpg,512,512,wind turbine,119,129,438,503
85256226.jpg,512,512,wind turbine,234,115,316,357
85385887.jpg,512,512,wind turbine,51,110,416,446
85637635.jpg,512,512,wind turbine,83,44,403,419
85682426.jpg,512,512,wind turbine,223,125,305,355
85753536.jpg,512,512,wind turbine,144,136,434,478
85845660.jpg,492,491,wind turbine,228,290,271,428
85852894.jpg,512,512,wind turbine,144,181,356,347
85856764.jpg,512,512,wind turbine,187,142,239,460
85892162.jpg,512,512,wind turbine,207,47,252,461
8598658.jpg,512,512,wind turbine,263,59,381,321
861007528.jpg,512,512,wind turbine,184,62,309,391
8611886.jpg,512,512,wind turbine,115,82,381,468
86251024.jpg,498,505,wind turbine,283,33,397,426
86318165.jpg,512,512,wind turbine,246,165,419,509
86341430.jpg,498,475,wind turbine,155,175,233,373
86341430.jpg,498,475,wind turbine,405,146,458,310
86341430.jpg,498,475,wind turbine,245,192,290,292
86404270.jpg,512,512,wind turbine,215,92,313,408
86478482.jpg,512,512,wind turbine,250,131,393,389
86533740.jpg,512,512,wind turbine,115,119,423,411
86554076.jpg,512,512,wind turbine,258,180,396,374
86663534.jpg,512,512,wind turbine,202,39,393,462
86663534.jpg,512,512,wind turbine,130,92,158,188
86663534.jpg,512,512,wind turbine,354,104,380,168
86722878.jpg,512,512,wind turbine,70,91,198,440
86875616.jpg,512,512,wind turbine,136,64,261,327
87247825.jpg,512,512,wind turbine,195,160,265,291
87256745.jpg,512,512,wind turbine,149,192,217,413
874010035.jpg,512,512,wind turbine,87,44,404,417
87403492.jpg,512,512,wind turbine,39,63,470,482
87584058.jpg,512,512,wind turbine,124,58,245,335
87584058.jpg,512,512,wind turbine,30,272,52,350
87584058.jpg,512,512,wind turbine,156,248,190,336
8774318.jpg,512,512,wind turbine,219,50,323,460
87747577.jpg,474,494,wind turbine,218,160,349,362
87784865.jpg,512,512,wind turbine,246,166,415,508
878210019.jpg,512,512,wind turbine,251,54,462,484
8786158.jpg,512,512,wind turbine,186,46,270,474
87903412.jpg,512,512,wind turbine,154,365,255,481
87903412.jpg,512,512,wind turbine,330,347,444,470
87942468.jpg,512,512,wind turbine,229,94,270,443
87964174.jpg,512,512,wind turbine,177,87,341,304
87967245.jpg,512,512,wind turbine,297,195,363,416
88143712.jpg,512,512,wind turbine,146,361,256,485
88143712.jpg,512,512,wind turbine,326,357,434,476
88167692.jpg,512,512,wind turbine,37,62,474,480
88328746.jpg,512,512,wind turbine,207,63,271,439
88375466.jpg,512,512,wind turbine,131,111,245,470
88396258.jpg,512,512,wind turbine,131,51,248,332
88396258.jpg,512,512,wind turbine,23,252,52,334
88396258.jpg,512,512,wind turbine,149,245,187,331
88397492.jpg,512,512,wind turbine,37,61,472,473
8883433.jpg,512,512,wind turbine,230,138,283,488
88862574.jpg,512,512,wind turbine,163,88,336,306
88968593.jpg,512,512,wind turbine,146,96,320,477
88968593.jpg,512,512,wind turbine,369,236,411,348
88968593.jpg,512,512,wind turbine,165,189,199,289
88968593.jpg,512,512,wind turbine,265,208,301,316
88997346.jpg,512,512,wind turbine,203,62,264,444
8914386.jpg,503,499,wind turbine,112,77,372,453
89207276.jpg,512,512,wind turbine,113,181,252,381
89207276.jpg,512,512,wind turbine,133,342,165,387
89227740.jpg,512,512,wind turbine,131,105,431,408
8928551.jpg,512,512,wind turbine,222,70,377,318
89321754.jpg,512,512,wind turbine,191,64,330,457
89519032.jpg,497,499,wind turbine,198,55,364,452
89519032.jpg,497,499,wind turbine,92,130,131,230
89519032.jpg,497,499,wind turbine,217,140,248,229
89519032.jpg,497,499,wind turbine,444,153,482,256
89611736.jpg,491,469,wind turbine,99,88,424,437
89703275.jpg,512,512,wind turbine,279,76,379,354
89703275.jpg,512,512,wind turbine,220,253,264,360
89726983.jpg,512,512,wind turbine,96,55,310,397
89737973.jpg,512,512,wind turbine,238,304,304,450
89742315.jpg,479,472,wind turbine,190,49,233,377
89871515.jpg,512,512,wind turbine,219,49,269,379
89897247.jpg,512,512,wind turbine,250,96,308,408
89897247.jpg,512,512,wind turbine,398,202,438,427
89924149.jpg,512,512,wind turbine,301,16,409,459
89924149.jpg,512,512,wind turbine,245,294,293,454
89924149.jpg,512,512,wind turbine,90,336,113,463
89945234.jpg,512,512,wind turbine,200,39,384,458
89945234.jpg,512,512,wind turbine,129,96,157,196
8999451.jpg,512,512,wind turbine,234,69,385,313
90243679.jpg,500,509,wind turbine,157,90,232,402
90403245.jpg,498,507,wind turbine,288,195,355,425
90551532.jpg,512,512,wind turbine,181,75,353,452
90551532.jpg,512,512,wind turbine,88,159,118,255
90551532.jpg,512,512,wind turbine,209,156,237,230
90551532.jpg,512,512,wind turbine,447,135,481,239
90845385.jpg,512,512,wind turbine,31,102,300,485
90911641.jpg,512,512,wind turbine,62,58,467,466
9114738.jpg,512,512,wind turbine,184,46,277,470
91186437.jpg,512,512,wind turbine,101,171,181,359
91225523.jpg,512,512,wind turbine,63,147,96,282
91225523.jpg,512,512,wind turbine,131,110,173,282
91225523.jpg,512,512,wind turbine,260,143,299,252
91225523.jpg,512,512,wind turbine,391,60,457,239
9131725.jpg,502,491,wind turbine,196,178,227,308
91389637.jpg,512,512,wind turbine,104,179,181,341
91482963.jpg,512,512,wind turbine,219,38,429,383
91578460.jpg,512,512,wind turbine,226,287,266,426
91621176.jpg,512,512,wind turbine,264,182,401,391
91621176.jpg,512,512,wind turbine,343,340,373,396
9173589.jpg,512,512,wind turbine,229,143,312,296
9183387.jpg,512,512,wind turbine,104,123,449,449
9191087.jpg,512,512,wind turbine,97,111,461,463
91928576.jpg,512,512,wind turbine,113,179,252,383
92216632.jpg,512,512,wind turbine,200,69,366,461
92216632.jpg,512,512,wind turbine,95,146,130,221
92216632.jpg,512,512,wind turbine,448,164,488,272
92216632.jpg,512,512,wind turbine,218,151,246,226
9230385.jpg,512,512,wind turbine,131,32,232,278
92623429.jpg,512,512,wind turbine,378,184,424,297
92623429.jpg,512,512,wind turbine,59,226,108,370
92623429.jpg,512,512,wind turbine,181,217,226,350
92623429.jpg,512,512,wind turbine,147,96,340,473
92672356.jpg,512,512,wind turbine,310,90,411,355
931007750.jpg,512,512,wind turbine,173,176,229,398
9334320.jpg,512,512,wind turbine,81,33,220,294
933516.jpg,500,495,wind turbine,53,121,110,284
933516.jpg,500,495,wind turbine,192,153,227,311
933516.jpg,500,495,wind turbine,277,192,311,289
933516.jpg,500,495,wind turbine,341,176,383,297
9348237.jpg,498,498,wind turbine,89,165,167,357
93645773.jpg,512,512,wind turbine,246,301,314,447
9375022.jpg,512,512,wind turbine,263,46,388,414
9418475.jpg,512,512,wind turbine,129,81,231,364
9418475.jpg,512,512,wind turbine,250,248,292,364
942653.jpg,512,512,wind turbine,209,143,282,483
9436236.jpg,512,512,wind turbine,69,165,105,297
9436236.jpg,512,512,wind turbine,194,173,229,318
9436236.jpg,512,512,wind turbine,277,203,315,304
945110042.jpg,484,510,wind turbine,219,94,407,473
945110042.jpg,484,510,wind turbine,64,337,128,440
9535886.jpg,502,503,wind turbine,102,69,369,469
9624136.jpg,512,512,wind turbine,113,126,433,500
96337816.jpg,512,512,wind turbine,129,63,256,333
9714969.jpg,494,492,wind turbine,55,63,141,403
9714969.jpg,494,492,wind turbine,194,155,274,417
9714969.jpg,494,492,wind turbine,352,246,388,449
9714969.jpg,494,492,wind turbine,420,345,454,473
97296767.jpg,512,512,wind turbine,183,109,316,434
97303243.jpg,498,479,wind turbine,159,57,399,400
97303243.jpg,498,479,wind turbine,70,201,204,393
97311316.jpg,512,512,wind turbine,269,68,384,325
97411719.jpg,512,512,wind turbine,65,50,258,466
97416710.jpg,502,498,wind turbine,110,21,195,434
97416710.jpg,502,498,wind turbine,352,82,465,383
97423535.jpg,512,512,wind turbine,86,46,403,425
9745670.jpg,512,512,wind turbine,306,32,444,285
97725867.jpg,512,512,wind turbine,198,110,330,428
97895541.jpg,512,512,wind turbine,43,56,455,437
97943677.jpg,512,512,wind turbine,239,169,384,362
97943677.jpg,512,512,wind turbine,440,311,470,364
97948438.jpg,512,512,wind turbine,116,127,320,398
97963954.jpg,512,512,wind turbine,197,65,332,463
98272125.jpg,512,512,wind turbine,257,157,299,294
98374344.jpg,512,512,wind turbine,123,73,297,266
98408710.jpg,495,496,wind turbine,114,14,204,435
98408710.jpg,495,496,wind turbine,345,95,459,401
98423211.jpg,512,512,wind turbine,129,95,184,308
98423211.jpg,512,512,wind turbine,45,150,83,310
98423211.jpg,512,512,wind turbine,309,169,363,289
9844881.jpg,512,512,wind turbine,197,176,276,373
9844881.jpg,512,512,wind turbine,140,286,181,374
9844881.jpg,512,512,wind turbine,316,285,352,362
98469217.jpg,512,512,wind turbine,280,2,511,490
98535261.jpg,512,512,wind turbine,199,134,291,441
98569422.jpg,503,479,wind turbine,268,8,395,392
98706055.jpg,512,512,wind turbine,235,48,358,489
98757638.jpg,512,512,wind turbine,118,125,320,405
9880908.jpg,481,478,wind turbine,180,20,265,455
98839420.jpg,512,512,wind turbine,72,151,137,443
98839420.jpg,512,512,wind turbine,264,70,351,454
98839420.jpg,512,512,wind turbine,354,80,442,472
9884839.jpg,512,512,wind turbine,238,55,373,323
9884839.jpg,512,512,wind turbine,140,257,192,344
98924583.jpg,512,512,wind turbine,94,52,300,410
98935856.jpg,512,512,wind turbine,305,87,417,355
98976663.jpg,512,512,wind turbine,241,66,461,399
9898490.jpg,499,505,wind turbine,330,319,359,393
9911192.jpg,512,512,wind turbine,40,63,472,465
99277276.jpg,512,512,wind turbine,113,181,253,378
9975012.jpg,512,512,wind turbine,148,362,257,485
9975012.jpg,512,512,wind turbine,322,349,434,473
9976215.jpg,512,512,wind turbine,129,33,228,284
9976586.jpg,512,512,wind turbine,115,80,379,457
99796414.jpg,512,512,wind turbine,146,62,236,388
99796414.jpg,512,512,wind turbine,71,189,106,292
99806947.jpg,512,512,wind turbine,241,94,305,427
99806947.jpg,512,512,wind turbine,400,190,443,425
9984027.jpg,499,491,wind turbine,120,58,180,177
99997470.jpg,512,512,wind turbine,224,102,300,407
